{
	"name_EN": "Mudbrick hut",
    "name_RU": "Саманная хижина",
	"description_EN": "Primitive dwelling",
	"description_RU": "Примитивное жилище",
	"width": 4,
	"height": 3,
	"type": "Hut",
	"category": "Hut",
	"animated": false,
	"rotatable": false,
	"requireBuilding": true,
	"destructible": true,
	"movementSpeed": 50,
	"exp": 20,
	"popularity": 10,
	"assignable": 
	{
		"slots": 4,
		"type": "Hut",
		"energyRestore": 1.5,
		"healthRestore": 1.5,
		"happinessRestore": 0.5,
	},
	"texture": 
	{
		"name": "adobe_hut",
		"width": 64,
		"height": 48
	},
	"walkable_pattern":
	[
		[true,true,true,true],
		[true,true,true,true],
		[true,true,true,true]
	],
	"target_pattern":
	[
		[false,false,false,false],
		[false,false,false,false],
		[false,false,false,false]
    ],
    "ground_pattern":
    [
    	[0,0,0,0],
		[0,0,0,0],
		[0,0,0,0]
    ],
    "ingredients":
    [
    	{
    		"item": "wood",
    		"weight": 4
    	},
    	{
    		"item": "mudbrick",
    		"weight": 12
    	}
    ],
}