{
	"name_EN": "Bellows",
	"name_RU": "Меха",
	"description_EN": "Used to speed up crafting in a bloomery",
	"description_RU": "Используется для ускорения крафта в сыродутной печи",
	"width": 1,
	"height": 1,
	"type": "Booster",
	"category": "Metallurgy",
	"animated": true,
	"rotatable": true,
	"requireBuilding": true,
	"destructible": true,
	"movementSpeed": 50,
	"booster":
	{
		"buildings": ["bloomery"],
		"boost": 0.25,
		"automated": false
	},
	"texture": 
	{
		"name": "bellows",
		"width": 16,
		"height": 16
	},
	"walkable_pattern":
	[
		[true]
	],
	"target_pattern":
	[
		[false]
    ],
    "ground_pattern":
    [
    	[0]
    ],
     "ingredients":
    [
    	{
    		"item": "wood",
    		"weight": 1
    	},
    	{
    		"item": "dry_skin",
    		"weight": 1
    	}
    ]
}