{
	"name_EN": "Bloomery",
	"name_RU": "Сыродутная печь",
	"description_EN": "Used to smelting metals from its ores",
	"description_RU": "Используется для выплавки металлов из руд",
	"width": 2,
	"height": 2,
	"type": "Crafter",
	"category": "Metallurgy",
	"animated": true,
	"rotatable": false,
	"requireBuilding": true,
	"destructible": true,
	"movementSpeed": 50,
	"exp": 20,
	"crafter":
	{
		"laborType": "None",
    	"autocrafter": true,
    	"recipes":
    	[
    		{
				"main_item": "copper",
				"exp": 16,
				"time": 125,
				"result":
				[
					{
						"item": "copper",
						"weight": 1,
					}
				],
				"ingredients":
				[
					{
						"item": "crushed_copper_ore",
						"weight": 2,
						"show": false
					}
				]
			},
			{
				"main_item": "bronze",
				"exp": 20,
				"time": 125,
				"result":
				[
					{
						"item": "bronze",
						"weight": 2,
					}
				],
				"ingredients":
				[
					{
						"item": "crushed_copper_ore",
						"weight": 1,
						"show": false
					},
					{
						"item": "crushed_tin_ore",
						"weight": 1,
						"show": false
					}
				]
			},
			{
				"main_item": "iron",
				"exp": 24,
				"time": 175,
				"result":
				[
					{
						"item": "iron",
						"weight": 1,
					}
				],
				"ingredients":
				[
					{
						"item": "crushed_iron_ore",
						"weight": 2,
						"show": false
					}
				]
			},
			{
				"main_item": "steel",
				"exp": 28,
				"time": 250,
				"result":
				[
					{
						"item": "steel",
						"weight": 2,
					}
				],
				"ingredients":
				[
					{
						"item": "iron_ore",
						"weight": 1,
						"show": false
					},
					{
						"item": "lime",
						"weight": 1,
						"show": false
					},
					{
						"item": "charcoal",
						"weight": 1,
						"show": false
					}
				]
			},
			{
				"main_item": "lime",
				"exp": 8,
				"time": 75,
				"result": 
				[
					{
						"item": "lime",
						"weight": 1
					}
				],
				"ingredients":
				[
					{
						"item": "limestone",
						"weight": 1
					}
				]
			}
    	]
    },	
	"lightEmitter":
	{
		"radius": 100
	},
	"fuelConsumer":
	{
		"fuel": ["charcoal"],
		"energy_consumption": 0.09
	},
	"texture": 
	{
		"name": "bloomery",
		"width": 32,
		"height": 36
	},
	"walkable_pattern":
	[
		[true, true],
		[true, true]
	],
	"target_pattern":
	[
		[false, false],
		[false, false]
    ],
    "ground_pattern":
    [
    	[0, 0],
    	[0, 0]
    ],
    "ingredients":
    [
    	{
    		"item": "clay",
    		"weight": 4
    	}
    ],
}