{
	"name_EN": "Wood lathe",
	"name_RU": "Токарный станок по дереву",
	"description_EN": "Used for wood processing",
	"description_RU": "Используется для обработки древесины",
	"width": 2,
	"height": 1,
	"type": "Crafter",
	"category": "Production",
	"animated": false,
	"rotatable": false,
	"requireBuilding": true,
	"destructible": true,
	"movementSpeed": 50,
	"exp": 8,
	"crafter":
	{
		"laborType": "Chop",
    	"autocrafter": false,
		"recipes":
		[
			{
				"main_item": "wooden_component",
				"exp": 8,
				"time": 50,
				"result":
				[
					{
						"item": "wooden_component",
						"weight": 2
					}
				],
				"ingredients":
				[
					{
						"item": "wood",
						"weight": 1,
						"show": false
					}
				]
			},
			{
				"main_item": "wooden_plow",
				"exp": 8,
				"time": 50,
				"result":
				[
					{
						"item": "wooden_plow",
						"weight": 1
					}
				],
				"ingredients":
				[
					{
						"item": "wood",
						"weight": 1,
						"show": false
					}
				]
			},
			{
				"main_item": "wooden_cart",
				"exp": 8,
				"time": 50,
				"result":
				[
					{
						"item": "wooden_cart",
						"weight": 1
					}
				],
				"ingredients":
				[
					{
						"item": "wood",
						"weight": 1,
						"show": false
					}
				]
			},
			{
				"main_item": "crossbow",
				"exp": 8,
				"time": 50,
				"result":
				[
					{
						"item": "crossbow",
						"weight": 1
					}
				],
				"ingredients":
				[
					{
						"item": "wood",
						"weight": 1,
						"show": false
					},
					{
						"item": "yarn",
						"weight": 1,
						"show": false
					}
				]
			},
		]
	},
	"texture": 
	{
		"name": "carpenters_workshop",
		"width": 32,
		"height": 16
	},
	"walkable_pattern":
	[
		[true, true]
	],
	"target_pattern":
	[
		[false, false]
    ],
    "ground_pattern":
    [
    	[0, 0]
    ],
     "ingredients":
    [
    	{
    		"item": "wood",
    		"weight": 4
    	},
    	{
    		"item": "stone",
    		"weight": 1
    	},
    	{
    		"item": "yarn",
    		"weight": 1
    	}
    ]
}