{
	"name_EN": "Clay barn",
	"name_RU": "Глиняный амбар",
	"description_EN": "Used for storing resources",
	"description_RU": "Используется для хранения ресурсов",
	"width": 3,
	"height": 3,
	"type": "Stockpile",
	"category": "Storage",
	"animated": false,
	"rotatable": false,
	"requireBuilding": true,
	"show_item_on_top": false,
	"destructible": true,
	"movementSpeed": 50,
	"storage":
	{
		"canCopySettings": true,
		"capacity": 800,
		"filters": ["Culinary_ingredients", "Fertilizers", "Resources", "Seeds", "Food", "Tools", "Clothes", "Containers", "Figurines", "Hay", "AnimalCorpse"],
		"stages": 1,
		"isEditable": true
	},
	"texture": 
	{
		"name": "clay_barn",
		"width": 48,
		"height": 52
	},
	"walkable_pattern":
	[
		[true,true,true],
		[true,true,true],
		[true,true,true]
	],
	"target_pattern":
	[
		[true,true,true],
		[true,false,true],
		[true,true,true],
    ],
    "ground_pattern":
    [
    	[0,0,0],
		[0,0,0],
		[0,0,0]
    ],
    "ingredients":
    [
    	{
    		"item": "wood",
    		"weight": 12
    	},
    	{
    		"item": "clay",
    		"weight": 12
    	}
    ],
}