{
	"name_EN": "Сharcoal kiln",
	"name_RU": "Углевыжигательная печь",
	"description_EN": "Used for coal production",
	"description_RU": "Используется для производства угля",
	"width": 2,
	"height": 2,
	"type": "Crafter",
	"category": "Production",
	"animated": true,
	"rotatable": false,
	"requireBuilding": true,
	"destructible": true,
	"movementSpeed": 50,
	"exp": 8,
	"crafter":
	{
		"laborType": "None",
    	"autocrafter": true,
		"recipes":
		[
			{
				"main_item": "charcoal",
				"exp": 8,
				"time": 75,
				"result":
				[
					{
						"item": "charcoal",
						"weight": 1
					}
				],
				"ingredients":
				[
					{
						"item": "wood",
						"weight": 1
					}
				]
			}
		]
	},
	"texture": 
	{
		"name": "clay_charcoal_kiln",
		"width": 32,
		"height": 32
	},
	"walkable_pattern":
	[
		[true,true],
		[true,true]
	],
	"target_pattern":
	[
		[false,false],
		[false,false]
    ],
    "ground_pattern":
    [
    	[0,0],
		[0,0]
    ],
    "ingredients":
    [
    	{
    		"item": "clay",
    		"weight": 4
    	}
    ],
}