{
	"name_EN": "Clay hut",
	"name_RU": "Глиняная хижина",
	"description_EN": "Primitive dwelling",
	"description_RU": "Примитивное жилище",
	"width": 3,
	"height": 3,
	"type": "Hut",
	"category": "Hut",
	"animated": false,
	"rotatable": false,
	"requireBuilding": true,
	"destructible": true,
	"movementSpeed": 50,
	"exp": 8,
	"popularity": 5,
	"assignable": 
	{
		"slots": 3,
		"type": "Hut",
		"energyRestore": 1.25,
		"healthRestore": 1.25,
		"happinessRestore": 0.25
	},
	"texture": 
	{
		"name": "clay_hut",
		"width": 48,
		"height": 48
	},
	"walkable_pattern":
	[
		[true,true,true],
		[true,true,true],
		[true,true,true]
	],
	"target_pattern":
	[
		[false,false,false],
		[false,false,false],
		[false,false,false]
    ],
    "ground_pattern":
    [
    	[0,0,0],
		[0,0,0],
		[0,0,0]
    ],
    "ingredients":
    [
    	{
    		"item": "wood",
    		"weight": 8
    	},
    	{
    		"item": "clay",
    		"weight": 8
    	}
    ],
}