{
	"name_EN": "Iron smithy",
	"name_RU": "Железная кузница",
	"description_EN": "Used for forging iron and steel tools",
	"description_RU": "Используется для ковки железных и стальных инструментов",
	"width": 2,
	"height": 2,
	"type": "Crafter",
	"category": "Metallurgy",
	"animated": true,
	"rotatable": false,
	"requireBuilding": true,
	"destructible": true,
	"movementSpeed": 50,
	"exp": 20,
	"crafter":
	{
		"laborType": "None",
    	"autocrafter": false,
		"recipes":
		[
			{
				"main_item": "iron_spear",
				"exp": 24,
				"time": 30,
				"result":
				[
					{
						"item": "iron_spear",
						"weight": 1,
					}
				],
				"ingredients":
				[
					{
						"item": "iron",
						"weight": 1,
						"show": true,
					},
					{
						"item": "wood",
						"weight": 1
					}
				]
			},
			{
				"main_item": "steel_spear",
				"exp": 28,
				"time": 30,
				"result":
				[
					{
						"item": "steel_spear",
						"weight": 1,
					}
				],
				"ingredients":
				[
					{
						"item": "steel",
						"weight": 1,
						"show": true,
					},
					{
						"item": "wood",
						"weight": 1
					}
				]
			},
			{
				"main_item": "iron_harpoon",
				"exp": 24,
				"time": 30,
				"result":
				[
					{
						"item": "iron_harpoon",
						"weight": 1,
					}
				],
				"ingredients":
				[
					{
						"item": "iron",
						"weight": 1,
						"show": true,
					},
					{
						"item": "wood",
						"weight": 1
					}
				]
			},
			{
				"main_item": "steel_harpoon",
				"exp": 28,
				"time": 30,
				"result":
				[
					{
						"item": "steel_harpoon",
						"weight": 1,
					}
				],
				"ingredients":
				[
					{
						"item": "steel",
						"weight": 1,
						"show": true,
					},
					{
						"item": "wood",
						"weight": 1
					}
				]
			},
			{
				"main_item": "iron_axe",
				"exp": 24,
				"time": 30,
				"result":
				[
					{
						"item": "iron_axe",
						"weight": 1,
					}
				],
				"ingredients":
				[
					{
						"item": "iron",
						"weight": 1,
						"show": true,
					},
					{
						"item": "wood",
						"weight": 1
					}
				]
			},
			{
				"main_item": "steel_axe",
				"exp": 28,
				"time": 30,
				"result":
				[
					{
						"item": "steel_axe",
						"weight": 1,
					}
				],
				"ingredients":
				[
					{
						"item": "steel",
						"weight": 1,
						"show": true,
					},
					{
						"item": "wood",
						"weight": 1
					}
				]
			},
			{
				"main_item": "iron_sickle",
				"exp": 24,
				"time": 30,
				"result":
				[
					{
						"item": "iron_sickle",
						"weight": 1,
					}
				],
				"ingredients":
				[
					{
						"item": "iron",
						"weight": 1,
						"show": true,
					},
					{
						"item": "wood",
						"weight": 1
					}
				]
			},
			{
				"main_item": "steel_sickle",
				"exp": 28,
				"time": 30,
				"result":
				[
					{
						"item": "steel_sickle",
						"weight": 1,
					}
				],
				"ingredients":
				[
					{
						"item": "steel",
						"weight": 1,
						"show": true,
					},
					{
						"item": "wood",
						"weight": 1
					}
				]
			},
			{
				"main_item": "iron_hoe",
				"exp": 24,
				"time": 30,
				"result":
				[
					{
						"item": "iron_hoe",
						"weight": 1,
					}
				],
				"ingredients":
				[
					{
						"item": "iron",
						"weight": 1,
						"show": true,
					},
					{
						"item": "wood",
						"weight": 1
					}
				]
			},
			{
				"main_item": "steel_hoe",
				"exp": 28,
				"time": 30,
				"result":
				[
					{
						"item": "steel_hoe",
						"weight": 1,
					}
				],
				"ingredients":
				[
					{
						"item": "steel",
						"weight": 1,
						"show": true,
					},
					{
						"item": "wood",
						"weight": 1
					}
				]
			},
			{
				"main_item": "iron_pick",
				"exp": 24,
				"time": 30,
				"result":
				[
					{
						"item": "iron_pick",
						"weight": 1,
					}
				],
				"ingredients":
				[
					{
						"item": "iron",
						"weight": 1,
						"show": true,
					},
					{
						"item": "wood",
						"weight": 1
					}
				]
			},
			{
				"main_item": "steel_pick",
				"exp": 28,
				"time": 30,
				"result":
				[
					{
						"item": "steel_pick",
						"weight": 1,
					}
				],
				"ingredients":
				[
					{
						"item": "steel",
						"weight": 1,
						"show": true,
					},
					{
						"item": "wood",
						"weight": 1
					}
				]
			},
			{
				"main_item": "chainmail",
				"exp": 28,
				"time": 50,
				"result":
				[
					{
						"item": "chainmail",
						"weight": 1,
					}
				],
				"ingredients":
				[
					{
						"item": "iron",
						"weight": 1,
						"show": true,
					}
				]
			},
			{
				"main_item": "handgonne",
				"exp": 4,
				"time": 50,
				"result":
				[
					{
						"item": "handgonne",
						"weight": 1,
					}
				],
				"ingredients":
				[
					{
						"item": "steel",
						"weight": 1,
						"show": true,
					},
					{
						"item": "wood",
						"weight": 1,
						"show": false
					},
					{
						"item": "gunpowder",
						"weight": 1,
						"show": false
					}
				]
			}
		]
	},
	"texture": 
	{
		"name": "copper_anvil",
		"width": 32,
		"height": 32
	},
	"walkable_pattern":
	[
		[true, true],
		[true, true]
	],
	"target_pattern":
	[
		[false, false],
		[true, false]
    ],
    "ground_pattern":
    [
    	[0, 0],
    	[0, 0]
    ],
    "ingredients":
    [
    	{
    		"item": "iron",
    		"weight": 4
    	},
    	{
    		"item": "stone",
    		"weight": 4
    	}
    ],
    "fuelConsumer":
	{
		"fuel": ["charcoal"],
		"energy_consumption": 0.09
	},
}