{
	"name_EN": "Crafter",
	"name_RU": "Крафтер",
	"description_EN": "Used to create primitive tools",
	"description_RU": "Используется для создания примитивных инструментов",
	"width": 1,
	"height": 1,
	"type": "Crafter",
	"category": "Production",
	"animated": false,
	"rotatable": false,
	"requireBuilding": true,
	"destructible": true,
	"movementSpeed": 50,
	"exp": 4,
	"crafter":
	{
		"laborType": "None",
    	"autocrafter": false,
		"recipes":
		[
			{
				"main_item": "wooden_spear",
				"exp": 4,
				"time": 30,
				"result":
				[
					{
						"item": "wooden_spear",
						"weight": 1
					}
				],
				"ingredients":
				[
					{
						"item": "wood",
						"weight": 1,
						"show": true
					}
				]
			},
			{
				"main_item": "stone_spear",
				"exp": 8,
				"time": 30,
				"result":
				[
					{
						"item": "stone_spear",
						"weight": 1
					}
				],
				"ingredients":
				[
					{
						"item": "wood",
						"weight": 1,
						"show": false
					},
					{
						"item": "stone",
						"weight": 1,
						"show": true
					}
				]
			},
			{
				"main_item": "wooden_harpoon",
				"exp": 4,
				"time": 30,
				"result":
				[
					{
						"item": "wooden_harpoon",
						"weight": 1
					}
				],
				"ingredients":
				[
					{
						"item": "wood",
						"weight": 1,
						"show": true
					}
				]
			},
			{
				"main_item": "stone_harpoon",
				"exp": 8,
				"time": 30,
				"result":
				[
					{
						"item": "stone_harpoon",
						"weight": 1
					}
				],
				"ingredients":
				[
					{
						"item": "wood",
						"weight": 1,
						"show": false
					},
					{
						"item": "stone",
						"weight": 1,
						"show": true
					}
				]
			},
			{
				"main_item": "bow",
				"exp": 12,
				"time": 30,
				"result":
				[
					{
						"item": "bow",
						"weight": 1
					}
				],
				"ingredients":
				[
					{
						"item": "wood",
						"weight": 1,
						"show": true
					},
					{
						"item": "yarn",
						"weight": 1,
						"show": false
					}
				]
			},
			{
				"main_item": "sling",
				"exp": 8,
				"time": 30,
				"result":
				[
					{
						"item": "sling",
						"weight": 1
					}
				],
				"ingredients":
				[
					{
						"item": "dry_skin",
						"weight": 1,
						"show": false
					}
				]
			},
			{
				"main_item": "stone_sickle",
				"exp": 8,
				"time": 30,
				"result":
				[
					{
						"item": "stone_sickle",
						"weight": 1
					}
				],
				"ingredients":
				[
					{
						"item": "wood",
						"weight": 1
					},
					{
						"item": "stone",
						"weight": 1,
						"show": true
					}
				]
			},
			{
				"main_item": "stone_axe",
				"exp": 8,
				"time": 30,
				"result":
				[
					{
						"item": "stone_axe",
						"weight": 1
					}
				],
				"ingredients":
				[
					{
						"item": "wood",
						"weight": 1
					},
					{
						"item": "stone",
						"weight": 1,
						"show": true
					}
				]
			},
			{
				"main_item": "stone_hoe",
				"exp": 8,
				"time": 30,
				"result":
				[
					{
						"item": "stone_hoe",
						"weight": 1
					}
				],
				"ingredients":
				[
					{
						"item": "wood",
						"weight": 1
					},
					{
						"item": "stone",
						"weight": 1,
						"show": true
					}
				]
			},
			{
				"main_item": "stone_pick",
				"exp": 8,
				"time": 30,
				"result":
				[
					{
						"item": "stone_pick",
						"weight": 1
					}
				],
				"ingredients":
				[
					{
						"item": "wood",
						"weight": 1
					},
					{
						"item": "stone",
						"weight": 1,
						"show": true
					}
				]
			},
			{
				"main_item": "skins_outfit",
				"exp": 4,
				"time": 30,
				"result":
				[
					{
						"item": "skins_outfit",
						"weight": 1
					}
				],
				"ingredients":
				[
					{
						"item": "dry_skin",
						"weight": 1
					}
				]
			},
			{
				"main_item": "leather_outfit",
				"exp": 8,
				"time": 30,
				"result":
				[
					{
						"item": "leather_outfit",
						"weight": 1
					}
				],
				"ingredients":
				[
					{
						"item": "leather",
						"weight": 1
					}
				]
			},
			{
				"main_item": "gunpowder",
				"exp": 4,
				"time": 15,
				"result":
				[
					{
						"item": "gunpowder",
						"weight": 1
					}
				],
				"ingredients":
				[
					{
						"item": "charcoal",
						"weight": 1
					},
					{
						"item": "lime",
						"weight": 2
					},
					{
						"item": "sulfur",
						"weight": 1
					}
				]
			},
			{
				"main_item": "woven_clothing",
				"exp": 4,
				"time": 50,
				"result":
				[
					{
						"item": "woven_clothing",
						"weight": 1
					}
				],
				"ingredients":
				[
					{
						"item": "cloth",
						"weight": 1,
						"show": true
					}
				]
			}
		]
	},
	"texture": 
	{
		"name": "crafting_place",
		"width": 16,
		"height": 16
	},
	"walkable_pattern":
	[
		[true]
	],
	"target_pattern":
	[
		[false]
    ],
    "ground_pattern":
    [
    	[0]
    ],
     "ingredients":
    [
    	{
    		"item": "stone",
    		"weight": 1
    	}
    ]
}