{
	"name_EN": "Distillation cube",
	"name_RU": "Перегонный куб",
	"description_EN": "Used to distill resources",
	"description_RU": "Используется для перегонки ресурсов",
	"width": 2,
	"height": 2,
	"type": "Crafter",
	"category": "Production",
	"animated": true,
	"rotatable": false,
	"requireBuilding": true,
	"destructible": true,
	"movementSpeed": 50,
	"exp": 20,
	"crafter":
	{
		"laborType": "None",
    	"autocrafter": false,
    	"recipes":
    	[
    		{
				"main_item": "sulfur",
				"exp": 4,
				"time": 50,
				"result":
				[
					{
						"item": "sulfur",
						"weight": 1,
					}
				],
				"ingredients":
				[
					{
						"item": "iron_ore",
						"weight": 1,
						"show": false
					}
				]
			}
    	]
    },	
	"lightEmitter":
	{
		"radius": 100
	},
	"fuelConsumer":
	{
		"fuel": ["wood", "charcoal"],
		"energy_consumption": 0.09
	},
	"texture": 
	{
		"name": "distillation_cube",
		"width": 32,
		"height": 32
	},
	"walkable_pattern":
	[
		[true, true],
		[true, true]
	],
	"target_pattern":
	[
		[false, false],
		[false, false]
    ],
    "ground_pattern":
    [
    	[0, 0],
    	[0, 0]
    ],
    "ingredients":
    [
    	{
    		"item": "ceramic_pot",
    		"weight": 2
    	},
    	{
    		"item": "wood",
    		"weight": 1
    	},
    	{
    		"item": "stone",
    		"weight": 1
    	}
    ],
}