{
	"name_EN": "Dolmen",
	"name_RU": "Дольмен",
	"description_EN": "Used to bury the dead",
	"description_RU": "Используется для захоронения умерших",
	"width": 2,
	"height": 2,
	"type": "Stockpile",
	"category": "Religion",
	"animated": false,
	"rotatable": false,
	"requireBuilding": true,
	"show_item_on_top": false,
	"destructible": true,
	"movementSpeed": 50,
	"storage":
	{
		"canCopySettings": false,
		"capacity": 4,
		"filters": ["SettlerCorpse"],
		"stages": 2,
		"isEditable": false
	},
	"texture": 
	{
		"name": "dolmen",
		"width": 32,
		"height": 32
	},
	"walkable_pattern":
	[
		[true,true],
		[true,true]
	],
	"target_pattern":
	[
		[false,false],
		[false,false],
    ],
    "ground_pattern":
    [
    	[0,0],
    	[0,0]
    ],
    "ingredients":
    [
    	{
    		"item": "stone",
    		"weight": 10
    	}
    ],
}