{
	"name_EN": "Drop spindle",
	"name_RU": "Веретено",
	"description_EN": "Used for spinning yarn",
	"description_RU": "Используется для прядения пряжи",
	"width": 1,
	"height": 1,
	"type": "Crafter",
	"category": "Production",
	"animated": true,
	"rotatable": false,
	"requireBuilding": true,
	"destructible": true,
	"movementSpeed": 50,
	"exp": 4,
	"crafter":
	{
		"laborType": "None",
    	"autocrafter": false,
		"recipes":
		[
			{
				"main_item": "yarn",
				"exp": 4,
				"time": 30,
				"result":
				[
					{
						"item": "yarn",
						"weight": 1,
					}
				],
				"ingredients":
				[
					{
						"item": "fiber",
						"weight": 1,
						"show": false
					}
				]
			}
		]
	},
	"texture": 
	{
		"name": "drop_spindle",
		"width": 16,
		"height": 19
	},
	"walkable_pattern":
	[
		[true]
	],
	"target_pattern":
	[
		[false]
    ],
    "ground_pattern":
    [
    	[0]
    ],
    "ingredients":
    [
    	{
    		"item": "wood",
    		"weight": 1
    	}
    ]
}