{
	"name_EN": "Farm plot",
	"name_RU": "Фермерский участок",
	"description_EN": "Used for growing plants",
	"description_RU": "Используется для выращивания растений",
	"width": 1,
	"height": 1,
	"type": "FarmPlot",
	"category": "Agriculture",
    "animated": false,
    "rotatable": false,
    "requireBuilding": false,
    "destructible": true,
    "movementSpeed": 75,
	"texture": 
	{
		"name": "farm_plot",
		"width": 16,
		"height": 16
	},
	"walkable_pattern":
	[
		[true]
	],
	"target_pattern":
	[
		[false]
    ],
    "ground_pattern":
    [
    	[0]
    ]
}