{
	"name_EN": "Fermenting pot",
	"name_RU": "Бродильный котел",
	"description_EN": "Used to ferment foods",
	"description_RU": "Используется для ферментирования продуктов",
	"width": 1,
	"height": 1,
	"type": "Crafter",
	"category": "Food",
    "animated": true,
    "rotatable": false,
    "requireBuilding": true,
    "destructible": true,
    "movementSpeed": 50,
    "exp": 16,
	"crafter":
	{
		"laborType": "None",
    	"autocrafter": true,
		"recipes":
		[
			{
				"main_item": "pot_of_beer",
				"exp": 16,
				"time": 900,
				"result":
				[
					{
						"item": "pot_of_beer",
						"weight": 1,
					}
				],
				"ingredients":
				[
					{
						"item": "pot_of_water",
						"weight": 1
					},
					{
						"item": "barley_seeds",
						"weight": 1
					},	
				]
			},
			{
				"main_item": "pot_of_wine",
				"exp": 16,
				"time": 1200,
				"result":
				[
					{
						"item": "pot_of_wine",
						"weight": 1,
					}
				],
				"ingredients":
				[
					{
						"item": "pot_of_water",
						"weight": 1
					},
					{
						"item": "grape",
						"weight": 1
					},	
				]
			},
			{
				"main_item": "cheese",
				"exp": 20,
				"time": 300,
				"result":
				[
					{
						"item": "cheese",
						"weight": 1,
					},
					{
						"item": "ceramic_pot",
						"weight": 1
					}
				],
				"ingredients":
				[
					{
						"item": "pot_of_milk",
						"weight": 1,
						"show": false
					}
				]
			}
		]
	},
	"texture": 
	{
		"name": "fermentation_pot",
		"width": 16,
		"height": 19
	},
	"walkable_pattern":
	[
		[true]
	],
	"target_pattern":
	[
		[false]
    ],
    "ground_pattern":
    [
    	[0]
    ],
    "ingredients":
    [
    	{
    		"item": "ceramic_pot",
    		"weight": 1
    	}
    ]
}