{
	"name_EN": "Fishing place",
	"name_RU": "Место для рыбалки",
	"description_EN": "Used for fishing",
	"description_RU": "Используется для ловли рыбы",
	"width": 1,
	"height": 2,
	"type": "FishingPlace",
	"category": "Food",
	"animated": false,
	"rotatable": true,
	"requireBuilding": false,
	"show_item_on_top": false,
	"destructible": true,
	"movementSpeed": -1,
	"texture": 
	{
		"name": "fishing_place",
		"width": 16,
		"height": 32
	},
	"walkable_pattern":
	[
		[true],
		[true]
	],
	"target_pattern":
	[
		[true],
		[false]
    ],
    "ground_pattern":
    [
    	[0],
		[1]
    ],
}