{
	"name_EN": "Fish trap",
	"name_RU": "Ловушка для рыб",
	"description_EN": "Used for fishing",
	"description_RU": "Используется для ловли рыбы",
	"width": 2,
	"height": 2,
	"type": "FishTrap",
	"category": "Food",
	"animated": true,
	"rotatable": false,
	"requireBuilding": true,
	"show_item_on_top": false,
	"destructible": true,
	"movementSpeed": -1,
	"exp": 2,
	"texture": 
	{
		"name": "fish_trap",
		"width": 32,
		"height": 32
	},
	"walkable_pattern":
	[
		[true,true],
		[true,true]
	],
	"target_pattern":
	[
		[false,false],
		[false,false]
    ],
    "ground_pattern":
    [
    	[1, 1],
		[1, 1]
    ],
    "ingredients":
    [
    	{
    		"item": "wood",
    		"weight": 2
    	}
    ]
}