{
	"name_EN": "Grave",
	"name_RU": "Могила",
	"description_EN": "Used to bury the dead",
	"description_RU": "Используется для захоронения умерших",
	"width": 1,
	"height": 1,
	"type": "Stockpile",
	"category": "Religion",
	"animated": false,
	"rotatable": false,
	"requireBuilding": true,
	"show_item_on_top": false,
	"destructible": true,
	"movementSpeed": 75,
	"storage":
	{
		"canCopySettings": false,
		"capacity": 1,
		"filters": ["SettlerCorpse"],
		"stages": 2,
		"isEditable": false
	},
	"texture": 
	{
		"name": "grave",
		"width": 16,
		"height": 20
	},
	"walkable_pattern":
	[
		[true]
	],
	"target_pattern":
	[
		[false]
    ],
    "ground_pattern":
    [
    	[0]
    ],
}