{
	"name_EN": "Hearth",
	"name_RU": "Очаг",
	"description_EN": "Used for cooking",
	"description_RU": "Используется для приготовления пищи",
	"width": 1,
	"height": 1,
	"type": "Crafter",
	"category": "Food",
	"animated": true,
	"rotatable": false,
	"requireBuilding": true,
	"destructible": true,
	"movementSpeed": 50,
	"exp": 4,
	"crafter":
	{
		"laborType": "Cook",
    	"autocrafter": false,
		"recipes":
		[
			{
				"main_item": "cooked_meat",
				"exp": 4,
				"time": 50,
				"result":
				[
					{
						"item": "cooked_meat",
						"weight": 1
					}
				],
				"ingredients":
				[
					{
						"item": "raw_meat",
						"weight": 1,
						"show": true
					}
				]
			},
			{
				"main_item": "cooked_fish",
				"exp": 4,
				"time": 50,
				"result":
				[
					{
						"item": "cooked_fish",
						"weight": 1
					}
				],
				"ingredients":
				[
					{
						"item": "raw_fish",
						"weight": 1,
						"show": true
					}
				]
			},
			{
				"main_item": "flatbread",
				"exp": 8,
				"time": 50,
				"result":
				[
					{
						"item": "flatbread",
						"weight": 1
					}
				],
				"ingredients":
				[
					{
						"item": "flour",
						"weight": 1,
						"show": true
					}
				]
			}
		]
	},
	"lightEmitter":
	{
		"radius": 200
	},
	"texture": 
	{
		"name": "hearth",
		"width": 16,
		"height": 20
	},
	"walkable_pattern":
	[
		[true]
	],
	"target_pattern":
	[
		[false]
    ],
    "ground_pattern":
    [
    	[0]
    ],
    "ingredients":
    [
    	{
    		"item": "stone",
    		"weight": 1
    	}
    ],
	"fuelConsumer":
	{
		"fuel": ["wood", "charcoal"],
		"energy_consumption": 0.06
	}
}