{
	"name_EN": "Kiln",
	"name_RU": "Печь для обжига",
	"description_EN": "Used for firing ceramic products",
	"description_RU": "Используется для обжига керамических изделий",
	"width": 2,
	"height": 2,
	"type": "Crafter",
	"category": "Production",
	"animated": true,
	"rotatable": false,
	"requireBuilding": true,
	"destructible": true,
	"movementSpeed": 50,
	"exp": 20,
	"crafter":
	{
		"laborType": "None",
    	"autocrafter": true,
    	"recipes":
    	[
			{
				"main_item": "ceramic_pot",
				"exp": 8,
				"time": 50,
				"result":
				[
					{
						"item": "ceramic_pot",
						"weight": 1
					}
				],
				"ingredients":
				[
					{
						"item": "clay",
						"weight": 1
					}
				]
			}
    	]
    },	
	"lightEmitter":
	{
		"radius": 100
	},
	"fuelConsumer":
	{
		"fuel": ["wood", "charcoal"],
		"energy_consumption": 0.09
	},
	"texture": 
	{
		"name": "kiln",
		"width": 32,
		"height": 32
	},
	"walkable_pattern":
	[
		[true, true],
		[true, true]
	],
	"target_pattern":
	[
		[false, false],
		[false, false]
    ],
    "ground_pattern":
    [
    	[0, 0],
    	[0, 0]
    ],
    "ingredients":
    [
    	{
    		"item": "clay",
    		"weight": 4
    	}
    ],
}