{
	"name_EN": "Loom",
	"name_RU": "Ткацкий станок",
	"description_EN": "Used to weave cloth",
	"description_RU": "Используется для изготовления тканей",
	"width": 1,
	"height": 1,
	"type": "Crafter",
	"category": "Production",
	"animated": true,
	"rotatable": false,
	"requireBuilding": true,
	"destructible": true,
	"movementSpeed": 50,
	"exp": 4,
	"crafter":
	{
		"laborType": "None",
    	"autocrafter": false,
		"recipes":
		[
			{
				"main_item": "cloth",
				"exp": 8,
				"time": 50,
				"result":
				[
					{
						"item": "cloth",
						"weight": 1,
					}
				],
				"ingredients":
				[
					{
						"item": "yarn",
						"weight": 2,
						"show": false
					}
				]
			}
		]
	},
	"texture": 
	{
		"name": "loom",
		"width": 16,
		"height": 16
	},
	"walkable_pattern":
	[
		[true]
	],
	"target_pattern":
	[
		[false]
    ],
    "ground_pattern":
    [
    	[0]
    ],
    "ingredients":
    [
    	{
    		"item": "wood",
    		"weight": 1
    	},
    	{
    		"item": "yarn",
    		"weight": 1
    	}
    ]
}