{
	"name_EN": "Mechanical millstone",
	"name_RU": "Механический жёрнов",
	"description_EN": "Used for automatic grinding of grain\nConsumes 8 mechanical energy",
	"description_RU": "Используется для автоматического помола зерна\nПотребляет 8 механической энергии",
	"width": 1,
	"height": 1,
	"type": "Crafter",
	"category": "Mechanisms",
	"animated": true,
	"rotatable": false,
	"requireBuilding": true,
	"destructible": true,
	"movementSpeed": 50,
	"exp": 8,
	"energyConsumer":
	{
		"requiredEnergy": 8
	},
	"crafter":
	{
		"laborType": "None",
    	"autocrafter": true,
		"recipes":
		[
			{
				"main_item": "flour",
				"exp": 8,
				"time": 45,
				"result":
				[
					{
						"item": "flour",
						"weight": 1,
					}
				],
				"ingredients":
				[
					{
						"item": "barley_seeds",
						"weight": 1
					}
				]
			}
		]
	},
	"texture": 
	{
		"name": "mechanical_millstone",
		"width": 24,
		"height": 24
	},
	"walkable_pattern":
	[
		[true]
	],
	"target_pattern":
	[
		[false]
    ],
    "ground_pattern":
    [
    	[0]
    ],
    "ingredients":
    [
    	{
    		"item": "stone",
    		"weight": 2,
    	},
		{
			"item": "wooden_component",
			"weight": 1
		}
    ]
}