{
	"name_EN": "Mechanical crusher",
	"name_RU": "Механическая дробилка",
	"description_EN": "Used to crushing resources\nConsumes 8 mechanical energy",
	"description_RU": "Используется для дробления ресурсов\nПотребляет 8 механической энергии",
	"width": 2,
	"height": 2,
	"type": "Crafter",
	"category": "Production",
	"animated": true,
	"rotatable": false,
	"requireBuilding": true,
	"destructible": true,
	"movementSpeed": 50,
	"exp": 8,
	"energyConsumer":
	{
		"requiredEnergy": 8
	},
	"crafter":
	{
		"laborType": "None",
    	"autocrafter": true,
		"recipes":
		[
			{
				"main_item": "crushed_copper_ore",
				"exp": 8,
				"time": 75,
				"result":
				[
					{
						"item": "crushed_copper_ore",
						"weight": 1,
					}
				],
				"ingredients":
				[
					{
						"item": "copper_ore",
						"weight": 1
					}
				]
			},
			{
				"main_item": "crushed_tin_ore",
				"exp": 8,
				"time": 75,
				"result":
				[
					{
						"item": "crushed_tin_ore",
						"weight": 1,
					}
				],
				"ingredients":
				[
					{
						"item": "tin_ore",
						"weight": 1
					}
				]
			},
			{
				"main_item": "crushed_iron_ore",
				"exp": 8,
				"time": 75,
				"result":
				[
					{
						"item": "crushed_iron_ore",
						"weight": 1,
					}
				],
				"ingredients":
				[
					{
						"item": "iron_ore",
						"weight": 1
					}
				]
			}
		]
	},
	"texture": 
	{
		"name": "mechanical_crusher",
		"width": 32,
		"height": 32
	},
	"walkable_pattern":
	[
		[true,true],
		[true,true],
	],
	"target_pattern":
	[
		[false,false],
		[false,false],
    ],
    "ground_pattern":
    [
    	[0,0],
    	[0,0],
    ],
    "ingredients":
    [
    	{
    		"item": "stone",
    		"weight": 6
    	},
    	{
    		"item": "wood",
    		"weight": 6
    	},
    	{
			"item": "wooden_component",
			"weight": 1
		}
    ]
}