{
	"name_EN": "Menhir",
    "name_RU": "Менгир",
	"description_EN": "Large upright stone",
	"description_RU": "Простейший мегалит",
	"width": 2,
	"height": 2,
	"type": "None",
	"category": "Religion",
	"animated": false,
	"rotatable": false,
	"requireBuilding": true,
	"destructible": true,
	"movementSpeed": 50,
	"exp": 8,
	"popularity": 5,
	"texture": 
	{
		"name": "menhir",
		"width": 32,
		"height": 40
	},
	"walkable_pattern":
	[
		[true,true],
		[true,true],
		[true,true]
	],
	"target_pattern":
	[
		[false,false],
		[false,false]
    ],
    "ground_pattern":
    [
    	[0,0],
		[0,0]
    ],
    "ingredients":
    [
    	{
    		"item": "stone",
    		"weight": 12
    	}
    ],
}