{
	"name_EN": "Millstone",
	"name_RU": "Жёрнов",
	"description_EN": "Used for quick grinding of grain",
	"description_RU": "Используется для быстрого помола зерна",
	"width": 1,
	"height": 1,
	"type": "Crafter",
	"category": "Production",
	"animated": true,
	"rotatable": false,
	"requireBuilding": true,
	"destructible": true,
	"movementSpeed": 50,
	"exp": 8,
	"crafter":
	{
		"laborType": "None",
    	"autocrafter": false,
		"recipes":
		[
			{
				"main_item": "flour",
				"exp": 8,
				"time": 30,
				"result":
				[
					{
						"item": "flour",
						"weight": 1,
					}
				],
				"ingredients":
				[
					{
						"item": "barley_seeds",
						"weight": 1
					}
				]
			}
		]
	},
	"texture": 
	{
		"name": "millstone",
		"width": 16,
		"height": 19
	},
	"walkable_pattern":
	[
		[true]
	],
	"target_pattern":
	[
		[false]
    ],
    "ground_pattern":
    [
    	[0]
    ],
    "ingredients":
    [
    	{
    		"item": "stone",
    		"weight": 2
    	}
    ]
}