{
	"name_EN": "Mine",
	"name_RU": "Шахта",
	"description_EN": "Used for mining",
	"description_RU": "Используется для добычи полезных ископаемых",
	"width": 2,
	"height": 2,
	"type": "Crafter",
	"category": "Production",
	"animated": false,
	"rotatable": false,
	"requireBuilding": true,
	"destructible": true,
	"movementSpeed": 50,
	"exp": 4,
	"crafter":
	{
		"laborType": "Mine",
		"requiredToolType": "Pick",
    	"autocrafter": false,
		"recipes":
		[
			{
				"main_item": "clay",
				"exp": 2,
				"time": 75,
				"result":
				[
					{
						"item": "clay",
						"weight": 1,
					}
				],
				"ingredients":
				[]
			},
			{
				"main_item": "stone",
				"exp": 2,
				"time": 75,
				"result":
				[
					{
						"item": "stone",
						"weight": 1,
					}
				],
				"ingredients":
				[]
			},
			{
				"main_item": "limestone",
				"exp": 2,
				"time": 75,
				"result":
				[
					{
						"item": "limestone",
						"weight": 1,
					}
				],
				"ingredients":
				[]
			},
			{
				"main_item": "iron_ore",
				"exp": 2,
				"time": 75,
				"result":
				[
					{
						"item": "iron_ore",
						"weight": 1,
					}
				],
				"ingredients":
				[]
			},
			{
				"main_item": "copper_ore",
				"exp": 2,
				"time": 75,
				"result":
				[
					{
						"item": "copper_ore",
						"weight": 1,
					}
				],
				"ingredients":
				[]
			},
			{
				"main_item": "tin_ore",
				"exp": 2,
				"time": 75,
				"result":
				[
					{
						"item": "tin_ore",
						"weight": 1,
					}
				],
				"ingredients":
				[]
			},
		]
	},
	"texture": 
	{
		"name": "mine",
		"width": 32,
		"height": 32
	},
	"walkable_pattern":
	[
		[true,true],
		[true,true]
	],
	"target_pattern":
	[
		[false,false],
		[false,false]
    ],
    "ground_pattern":
    [
    	[0,0],
    	[0,0]
    ],
    "ingredients":
    [
    	{
    		"item": "wood",
    		"weight": 4
    	},
    	{
    		"item": "stone",
    		"weight": 4
    	}
    ]
}