{
	"name_EN": "Mortar and pestle",
	"name_RU": "Ступа",
    "description_EN": "Used to grinding and crushing resources",
	"description_RU": "Используется для измельчения и дробления ресурсов",
	"width": 1,
	"height": 1,
	"type": "Crafter",
	"category": "Production",
	"animated": false,
	"rotatable": false,
	"requireBuilding": true,
	"destructible": true,
	"movementSpeed": 50,
	"exp": 8,
	"crafter":
	{
		"laborType": "None",
    	"autocrafter": false,
		"recipes":
		[
			{
				"main_item": "flour",
				"exp": 8,
				"time": 50,
				"result":
				[
					{
						"item": "flour",
						"weight": 1,
					}
				],
				"ingredients":
				[
					{
						"item": "barley_seeds",
						"weight": 1
					}
				]
			},
			{
				"main_item": "crushed_copper_ore",
				"exp": 8,
				"time": 75,
				"result":
				[
					{
						"item": "crushed_copper_ore",
						"weight": 1,
					}
				],
				"ingredients":
				[
					{
						"item": "copper_ore",
						"weight": 1
					}
				]
			},
			{
				"main_item": "crushed_tin_ore",
				"exp": 8,
				"time": 75,
				"result":
				[
					{
						"item": "crushed_tin_ore",
						"weight": 1,
					}
				],
				"ingredients":
				[
					{
						"item": "tin_ore",
						"weight": 1
					}
				]
			},
			{
				"main_item": "crushed_iron_ore",
				"exp": 8,
				"time": 75,
				"result":
				[
					{
						"item": "crushed_iron_ore",
						"weight": 1,
					}
				],
				"ingredients":
				[
					{
						"item": "iron_ore",
						"weight": 1
					}
				]
			}
		]
	},
	"texture": 
	{
		"name": "mortar",
		"width": 16,
		"height": 16
	},
	"walkable_pattern":
	[
		[true]
	],
	"target_pattern":
	[
		[false]
    ],
    "ground_pattern":
    [
    	[0]
    ],
    "ingredients":
    [
    	{
    		"item": "stone",
    		"weight": 1
    	}
    ]
}