{
	"name_EN": "Mudbrick dryer",
	"name_RU": "Сушилка для самана",
	"description_EN": "Used for drying adobe",
	"description_RU": "Используется для сушки самана",
	"width": 2,
	"height": 2,
	"type": "Crafter",
	"category": "Production",
	"animated": true,
	"rotatable": false,
	"requireBuilding": true,
	"destructible": true,
	"movementSpeed": 50,
	"exp": 4,
	"crafter":
	{
		"laborType": "None",
    	"autocrafter": true,
		"recipes":
		[
			{
				"main_item": "mudbrick",
				"exp": 8,
				"time": 900,
				"result":
				[
					{
						"item": "mudbrick",
						"weight": 4,
					}
				],
				"ingredients":
				[
					{
						"item": "clay",
						"weight": 4,
						"show": false
					}
				]
			}
		]
	},
	"texture": 
	{
		"name": "mudbrick_dryer",
		"width": 32,
		"height": 32
	},
	"walkable_pattern":
	[
		[true,true],
		[true,true],
	],
	"target_pattern":
	[
		[false,false],
		[false,false],
    ],
    "ground_pattern":
    [
    	[0,0],
    	[0,0],
    ],
    "ingredients":
    [
    	{
    		"item": "wood",
    		"weight": 2
    	}
    ]
}