{
	"name_EN": "Barn",
	"name_RU": "Хлев",
	"description_EN": "Primitive animal dwelling",
	"description_RU": "Примитивное жилище животных",
	"width": 3,
	"height": 3,
	"type": "Hut",
	"category": "Hut",
	"animated": false,
	"rotatable": false,
	"requireBuilding": true,
	"destructible": true,
	"movementSpeed": 50,
	"exp": 12,
	"assignable": 
	{
		"slots": 3,
		"type": "Barn",
		"energyRestore": 1.25,
		"healthRestore": 1.25,
		"happinessRestore": 0
	},
	"texture": 
	{
		"name": "pasture",
		"width": 48,
		"height": 48
	},
	"walkable_pattern":
	[
		[true,true,true],
		[true,true,true],
		[true,true,true],
	],
	"target_pattern":
	[
		[false, false, false],
		[false, false, false],
		[false, false, false],
    ],
    "ground_pattern":
    [
    	[0,0,0],
		[0,0,0],
    	[0,0,0]
    ],
    "ingredients":
    [
    	{
    		"item": "wood",
    		"weight": 8
    	}
    ],
}