{
	"name_EN": "Primitive temple",
    "name_RU": "Примитивный храм",
	"description_EN": "Used to boost the mood of unfortunate settlers",
	"description_RU": "Используется для повышения настроения несчастных поселенцев",
	"width": 2,
	"height": 2,
	"type": "Hut",
	"category": "Religion",
	"animated": false,
	"rotatable": false,
	"requireBuilding": true,
	"destructible": true,
	"movementSpeed": 50,
	"exp": 20,
	"assignable": 
	{
		"slots": 2,
		"type": "Temple",
		"energyRestore": 0.5,
		"healthRestore": 0.5,
		"happinessRestore": 4,
	},
	"texture": 
	{
		"name": "primitive_temple",
		"width": 32,
		"height": 32
	},
	"walkable_pattern":
	[
		[true,true],
		[true,true]
	],
	"target_pattern":
	[
		[false,false],
		[false,false]
    ],
    "ground_pattern":
    [
    	[0,0],
		[0,0]
    ],
    "ingredients":
    [
    	{
    		"item": "wood",
    		"weight": 4
    	},
    	{
    		"item": "dry_skin",
    		"weight": 2
    	}
    ],
}