{
	"name_EN": "Skin drying rack",
	"name_RU": "Сушилка для шкур",
	"description_EN": "Used for drying skins",
	"description_RU": "Используется для сушки шкур",
	"width": 1,
	"height": 1,
	"type": "Crafter",
	"category": "Production",
	"animated": true,
	"rotatable": false,
	"requireBuilding": true,
	"destructible": true,
	"movementSpeed": 50,
	"exp": 4,
	"crafter":
	{
		"laborType": "None",
    	"autocrafter": true,
		"recipes":
		[
			{
				"main_item": "dry_skin",
				"exp": 4,
				"time": 300,
				"result":
				[
					{
						"item": "dry_skin",
						"weight": 1,
					}
				],
				"ingredients":
				[
					{
						"item": "raw_skin",
						"weight": 1,
					}
				]
			}
		]
	},
	"texture": 
	{
		"name": "skin_dryer",
		"width": 16,
		"height": 16
	},
	"walkable_pattern":
	[
		[true]
	],
	"target_pattern":
	[
		[false]
    ],
    "ground_pattern":
    [
    	[0]
    ],
    "ingredients":
    [
    	{
    		"item": "wood",
    		"weight": 1
    	}
    ]
}