{
	"name_EN": "Stick hut",
	"name_RU": "Хижина из палок",
	"description_EN": "Primitive dwelling",
	"description_RU": "Примитивное жилище",
	"width": 2,
	"height": 2,
	"type": "Hut",
	"category": "Hut",
	"animated": false,
	"rotatable": false,
	"requireBuilding": true,
	"movementSpeed": 50,
	"exp": 4,
	"destructible": true,
	"popularity": 2,
	"assignable": 
	{
		"slots": 2,
		"type": "Hut",
		"energyRestore": 1,
		"healthRestore": 1,
		"happinessRestore": 0
	},
	"texture": 
	{
		"name": "stick_hut",
		"width": 32,
		"height": 32
	},
	"walkable_pattern":
	[
		[true,true],
		[true,true]
	],
	"target_pattern":
	[
		[false,false],
		[false,false]
    ],
    "ground_pattern":
    [
    	[0,0],
		[0,0]
    ],
    "ingredients":
    [
    	{
    		"item": "wood",
    		"weight": 4
    	}
    ],
}