{
	"name_EN": "Stockpile",
	"name_RU": "Хранилище",
	"description_EN": "Used for storing resources",
	"description_RU": "Используется для хранения ресурсов",
	"width": 2,
	"height": 2,
	"type": "Stockpile",
	"category": "Storage",
	"animated": false,
	"rotatable": false,
	"requireBuilding": false,
	"show_item_on_top": true,
	"destructible": true,
	"movementSpeed": -1,
	"storage":
	{
		"canCopySettings": true,
		"capacity": 200,
		"filters": ["Culinary_ingredients", "Fertilizers", "Resources", "Seeds", "Food", "Tools", "Clothes", "Containers", "Figurines", "Hay", "AnimalCorpse"],
		"stages": 1,
		"isEditable": true
	},
	"texture": 
	{
		"name": "stockpile",
		"width": 32,
		"height": 32
	},
	"walkable_pattern":
	[
		[true,true],
		[true,true]
	],
	"target_pattern":
	[
		[true,true],
		[true,true]
    ],
    "ground_pattern":
    [
    	[0,0],
		[0,0]
    ],
}