{
	"name_EN": "Copper smithy",
	"name_RU": "Медная кузница",
	"description_EN": "Used for forging copper and bronze tools",
	"description_RU": "Используется для ковки медных и бронзовых инструментов",
	"width": 2,
	"height": 2,
	"type": "Crafter",
	"category": "Metallurgy",
	"animated": true,
	"rotatable": false,
	"requireBuilding": true,
	"destructible": true,
	"movementSpeed": 50,
	"exp": 8,
	"crafter":
	{
		"laborType": "None",
    	"autocrafter": false,
		"recipes":
		[
			{
				"main_item": "copper_reaper",
				"exp": 16,
				"time": 50,
				"result":
				[
					{
						"item": "copper_reaper",
						"weight": 1,
					}
				],
				"ingredients":
				[
					{
						"item": "copper",
						"weight": 1,
						"show": true,
					},
					{
						"item": "wooden_cart",
						"weight": 1
					}
				]
			},
			{
				"main_item": "copper_spear",
				"exp": 16,
				"time": 50,
				"result":
				[
					{
						"item": "copper_spear",
						"weight": 1,
					}
				],
				"ingredients":
				[
					{
						"item": "copper",
						"weight": 1,
						"show": true,
					},
					{
						"item": "wood",
						"weight": 1
					}
				]
			},
			{
				"main_item": "bronze_spear",
				"exp": 20,
				"time": 50,
				"result":
				[
					{
						"item": "bronze_spear",
						"weight": 1,
					}
				],
				"ingredients":
				[
					{
						"item": "bronze",
						"weight": 1,
						"show": true,
					},
					{
						"item": "wood",
						"weight": 1
					}
				]
			},
			{
				"main_item": "copper_harpoon",
				"exp": 16,
				"time": 50,
				"result":
				[
					{
						"item": "copper_harpoon",
						"weight": 1,
					}
				],
				"ingredients":
				[
					{
						"item": "copper",
						"weight": 1,
						"show": true,
					},
					{
						"item": "wood",
						"weight": 1
					}
				]
			},
			{
				"main_item": "bronze_harpoon",
				"exp": 20,
				"time": 50,
				"result":
				[
					{
						"item": "bronze_harpoon",
						"weight": 1,
					}
				],
				"ingredients":
				[
					{
						"item": "bronze",
						"weight": 1,
						"show": true,
					},
					{
						"item": "wood",
						"weight": 1
					}
				]
			},
			{
				"main_item": "copper_axe",
				"exp": 16,
				"time": 50,
				"result":
				[
					{
						"item": "copper_axe",
						"weight": 1,
					}
				],
				"ingredients":
				[
					{
						"item": "copper",
						"weight": 1,
						"show": true,
					},
					{
						"item": "wood",
						"weight": 1
					}
				]
			},
			{
				"main_item": "bronze_axe",
				"exp": 20,
				"time": 50,
				"result":
				[
					{
						"item": "bronze_axe",
						"weight": 1,
					}
				],
				"ingredients":
				[
					{
						"item": "bronze",
						"weight": 1,
						"show": true,
					},
					{
						"item": "wood",
						"weight": 1
					}
				]
			},
			{
				"main_item": "copper_sickle",
				"exp": 16,
				"time": 50,
				"result":
				[
					{
						"item": "copper_sickle",
						"weight": 1,
					}
				],
				"ingredients":
				[
					{
						"item": "copper",
						"weight": 1,
						"show": true,
					},
					{
						"item": "wood",
						"weight": 1
					}
				]
			},
			{
				"main_item": "bronze_sickle",
				"exp": 20,
				"time": 50,
				"result":
				[
					{
						"item": "bronze_sickle",
						"weight": 1,
					}
				],
				"ingredients":
				[
					{
						"item": "bronze",
						"weight": 1,
						"show": true,
					},
					{
						"item": "wood",
						"weight": 1
					}
				]
			},
			{
				"main_item": "copper_hoe",
				"exp": 16,
				"time": 50,
				"result":
				[
					{
						"item": "copper_hoe",
						"weight": 1,
					}
				],
				"ingredients":
				[
					{
						"item": "copper",
						"weight": 1,
						"show": true,
					},
					{
						"item": "wood",
						"weight": 1
					}
				]
			},
			{
				"main_item": "bronze_hoe",
				"exp": 20,
				"time": 50,
				"result":
				[
					{
						"item": "bronze_hoe",
						"weight": 1,
					}
				],
				"ingredients":
				[
					{
						"item": "bronze",
						"weight": 1,
						"show": true,
					},
					{
						"item": "wood",
						"weight": 1
					}
				]
			},
			{
				"main_item": "copper_pick",
				"exp": 16,
				"time": 50,
				"result":
				[
					{
						"item": "copper_pick",
						"weight": 1,
					}
				],
				"ingredients":
				[
					{
						"item": "copper",
						"weight": 1,
						"show": true,
					},
					{
						"item": "wood",
						"weight": 1
					}
				]
			},
			{
				"main_item": "bronze_pick",
				"exp": 20,
				"time": 50,
				"result":
				[
					{
						"item": "bronze_pick",
						"weight": 1,
					}
				],
				"ingredients":
				[
					{
						"item": "bronze",
						"weight": 1,
						"show": true,
					},
					{
						"item": "wood",
						"weight": 1
					}
				]
			}
		]
	},
	"texture": 
	{
		"name": "stone_anvil",
		"width": 32,
		"height": 32
	},
	"walkable_pattern":
	[
		[true, true],
		[true, true]
	],
	"target_pattern":
	[
		[true, false],
		[false, false]
    ],
    "ground_pattern":
    [
    	[0, 0],
    	[0, 0]
    ],
    "ingredients":
    [
    	{
    		"item": "stone",
    		"weight": 4
    	}
    ],
    "fuelConsumer":
	{
		"fuel": ["charcoal"],
		"energy_consumption": 0.06
	},
}