{
	"name_EN": "Stone wall",
	"name_RU": "Каменная стена",
	"description_EN": "Used as a defensive structure or enclosure",
	"description_RU": "Используется как защитное сооружение или ограждение",
	"type": "Wall",
	"category": "Wall",
	"tilesetOffset": 256,
	"walkable": false,
	"connectWithOtherBlocks": false,
	"letLight": false,
	"destructible": true,
	"movementSpeed": -1,
	"ingredients":
	[
		{
			"item": "stone",
			"weight": 4
		}
	]
}