{
	"name_EN": "Tannery",
	"name_RU": "Дубильня",
	"description_EN": "Used for tanning skins",
	"description_RU": "Используется для дубления шкур",
	"width": 2,
	"height": 1,
	"type": "Crafter",
	"category": "Production",
	"animated": true,
	"rotatable": false,
	"requireBuilding": true,
	"destructible": true,
	"movementSpeed": 50,
	"exp": 8,
	"crafter":
	{
		"laborType": "None",
    	"autocrafter": true,
		"recipes":
		[
			{
				"main_item": "leather",
				"exp": 8,
				"time": 300,
				"result":
				[
					{
						"item": "leather",
						"weight": 1,
					}
				],
				"ingredients":
				[
					{
						"item": "raw_skin",
						"weight": 1
					},
					{
						"item": "wood",
						"weight": 1
					}
				]
			}
		]
	},
	"texture": 
	{
		"name": "tannery",
		"width": 32,
		"height": 16
	},
	"walkable_pattern":
	[
		[true, true]
	],
	"target_pattern":
	[
		[false, false]
    ],
    "ground_pattern":
    [
    	[0, 0]
    ],
    "ingredients":
    [
    	{
    		"item": "clay",
    		"weight": 2,
    	}
    ]
}