{
	"name_EN": "Trading post",
	"name_RU": "Торговый пост",
	"description_EN": "Place where items will appear after purchase",
	"description_RU": "Место, где будут появляться предметы после покупки",
	"width": 3,
	"height": 3,
	"type": "TradingPost",
	"category": "Hut",
	"animated": true,
	"rotatable": false,
	"requireBuilding": true,
	"destructible": true,
	"movementSpeed": 50,
	"exp": 12,
	"texture": 
	{
		"name": "trading_post",
		"width": 48,
		"height": 48
	},
	"walkable_pattern":
	[
		[true,true,true],
		[true,true,true],
		[true,true,true],
	],
	"target_pattern":
	[
		[false, false, false],
		[false, true, false],
		[false, false, false],
    ],
    "ground_pattern":
    [
    	[0,0,0],
		[0,0,0],
    	[0,0,0]
    ],
    "ingredients":
    [
    	{
    		"item": "wood",
    		"weight": 9
    	},
    	{
    		"item": "dry_skin",
    		"weight": 9
    	}
    ],
}