{
	"name_EN": "Water gathering place",
	"name_RU": "Место сбора воды",
	"description_EN": "Used to collect water",
	"description_RU": "Используется для сбора воды",
	"width": 1,
	"height": 2,
	"type": "Crafter",
	"category": "Production",
    "animated": false,
    "rotatable": true,
    "requireBuilding": false,
    "destructible": true,
    "movementSpeed": -1,
    "exp": 16,
    "crafter":
	{
		"laborType": "None",
    	"autocrafter": false,
		"recipes":
		[
			{
				"main_item": "pot_of_water",
				"exp": 1,
				"time": 10,
				"result":
				[
					{
						"item": "pot_of_water",
						"weight": 1,
					}
				],
				"ingredients":
				[
					{
						"item": "ceramic_pot",
						"weight": 1
					}
				]
			}
		]
	},
	"texture": 
	{
		"name": "water_gathering_place",
		"width": 16,
		"height": 32
	},
	"walkable_pattern":
	[
		[true],
		[true]
	],
	"target_pattern":
	[
		[true],
		[false]
    ],
    "ground_pattern":
    [
    	[0],
		[1]
    ]
}