{
	"name_EN": "Well",
	"name_RU": "Колодец",
	"description_EN": "Used to collect water",
	"description_RU": "Используется для сбора воды",
	"width": 2,
	"height": 2,
	"type": "Crafter",
	"category": "Production",
    "animated": false,
    "rotatable": false,
    "requireBuilding": true,
    "destructible": true,
    "movementSpeed": 50,
    "exp": 16,
    "crafter":
	{
		"laborType": "None",
    	"autocrafter": false,
		"recipes":
		[
			{
				"main_item": "pot_of_water",
				"exp": 1,
				"time": 15,
				"result":
				[
					{
						"item": "pot_of_water",
						"weight": 1,
					}
				],
				"ingredients":
				[
					{
						"item": "ceramic_pot",
						"weight": 1
					}
				]
			}
		]
	},
	"texture": 
	{
		"name": "well",
		"width": 32,
		"height": 32
	},
	"walkable_pattern":
	[
		[true, true],
		[true, true]
	],
	"target_pattern":
	[
		[false, false],
		[false, false]
    ],
    "ground_pattern":
    [
    	[0, 0],
		[0, 0]
    ],
    "ingredients":
    [
    	{
    		"item": "clay",
    		"weight": "4"
    	}
    ]
}