{
	"name_EN": "Windmill",
	"name_RU": "Ветряк",
	"description_EN": "Converts wind energy into mechanical energy\nProduces 20 mechanical energy",
	"description_RU": "Преобразует энергию ветра в механическую энергию\nПроизводит 20 механической энергии",
	"width": 3,
	"height": 3,
	"type": "EnergySource",
	"category": "Mechanisms",
	"animated": true,
	"rotatable": false,
	"requireBuilding": true,
	"destructible": true,
	"movementSpeed": 50,
	"exp": 28,
	"texture": 
	{
		"name": "windmill",
		"width": 48,
		"height": 48,
	},
	"walkable_pattern":
	[
		[true, true, true],
		[true, true, true],
		[true, true, true]
	],
	"target_pattern":
	[
		[false, false, false],
		[false, false, false],
		[false, false, false]
    ],
    "ground_pattern":
    [
    	[0, 0, 0],
		[0, 0, 0],
		[0, 0, 0]
    ],
    "ingredients":
    [
    	{
    		"item": "mudbrick",
    		"weight": 9,
    	},
    	{
    		"item": "wood",
    		"weight": 4
    	},
		{
			"item": "wooden_component",
			"weight": 4
		}
    ]
}