{
	"name_EN": "Wooden gate",
	"name_RU": "Деревянные ворота",
	"description_EN": "Point of entry to a space which is enclosed by walls",
	"description_RU": "Проход в стене, запираемый створами",
	"width": 1,
	"height": 1,
	"type": "Gate",
	"category": "Wall",
	"animated": true,
	"rotatable": false,
	"requireBuilding": true,
	"destructible": true,
	"movementSpeed": -1,
	"texture": 
	{
		"name": "wooden_gate",
		"width": 16,
		"height": 16
	},
	"walkable_pattern":
	[
		[true]
	],
	"target_pattern":
	[
		[false]
    ],
    "ground_pattern":
    [
    	[0]
    ],
    "ingredients":
    [
    	{
    		"item": "wood",
    		"weight": 2
    	}
    ]
}