{
  "wooden_cart": {
    "Id": 38,
    "name_EN": "Wooden cart",
    "name_RU": "Деревянная тележка",
    "Nutrition": 0,
    "Defense": 0,
    "Durability": 0,
    "Energy": 0,
    "ItemCategory": 7,
    "Value": 2,
    "Tool": {
      "MeleeDamage": 0,
      "RangeDamage": 0,
      "Level": 1,
      "Efficiency": 100,
      "Chance": 0,
      "ToolType": 6,
      "CreatureType": 1,
      "RechargeTime": 0,
      "AmmoTextureId": -1,
      "ProjectileSpeed": 0,
      "Reversed": false
    }
  },
  "wooden_plow": {
    "Id": 39,
    "name_EN": "Wooden plow",
    "name_RU": "Деревянная соха",
    "Nutrition": 0,
    "Defense": 0,
    "Durability": 0,
    "Energy": 0,
    "ItemCategory": 7,
    "Value": 2,
    "Tool": {
      "MeleeDamage": 0,
      "RangeDamage": 0,
      "Level": 1,
      "Efficiency": 100,
      "Chance": 0,
      "ToolType": 4,
      "CreatureType": 1,
      "RechargeTime": 0,
      "AmmoTextureId": -1,
      "ProjectileSpeed": 0,
      "Reversed": false
    }
  },
  "copper_reaper": {
    "Id": 37,
    "name_EN": "Copper reaper",
    "name_RU": "Медная жатвенная машина",
    "Nutrition": 0,
    "Defense": 0,
    "Durability": 0,
    "Energy": 0,
    "ItemCategory": 7,
    "Value": 2,
    "Tool": {
      "MeleeDamage": 0,
      "RangeDamage": 0,
      "Level": 1,
      "Efficiency": 100,
      "Chance": 0,
      "ToolType": 3,
      "CreatureType": 1,
      "RechargeTime": 0,
      "AmmoTextureId": -1,
      "ProjectileSpeed": 0,
      "Reversed": true
    }
  },
  "copper": {
    "Id": 113,
    "name_EN": "Copper",
    "name_RU": "Медь",
    "Nutrition": 0,
    "Defense": 0,
    "Durability": 0,
    "Energy": 0,
    "ItemCategory": 2,
    "Value": 4,
    "Tool": null
  },
  "bronze": {
    "Id": 114,
    "name_EN": "Bronze",
    "name_RU": "Бронза",
    "Nutrition": 0,
    "Defense": 0,
    "Durability": 0,
    "Energy": 0,
    "ItemCategory": 2,
    "Value": 5,
    "Tool": null
  },
  "iron": {
    "Id": 115,
    "name_EN": "Iron",
    "name_RU": "Железо",
    "Nutrition": 0,
    "Defense": 0,
    "Durability": 0,
    "Energy": 0,
    "ItemCategory": 2,
    "Value": 4,
    "Tool": null
  },
  "steel": {
    "Id": 116,
    "name_EN": "Steel",
    "name_RU": "Сталь",
    "Nutrition": 0,
    "Defense": 0,
    "Durability": 0,
    "Energy": 0,
    "ItemCategory": 2,
    "Value": 6,
    "Tool": null
  },
  "manure": {
    "Id": 2,
    "name_EN": "Manure",
    "name_RU": "Навоз",
    "Nutrition": 0,
    "Defense": 0,
    "Durability": 0,
    "Energy": 0,
    "ItemCategory": 2,
    "Value": 1,
    "Tool": null
  },
  "sand": {
    "Id": 4,
    "name_EN": "Sand",
    "name_RU": "Песок",
    "Nutrition": 0,
    "Defense": 0,
    "Durability": 0,
    "Energy": 0,
    "ItemCategory": 2,
    "Value": 0,
    "Tool": null
  },
  "wood": {
    "Id": 15,
    "name_EN": "Wood",
    "name_RU": "Древесина",
    "Nutrition": 0,
    "Defense": 0,
    "Durability": 0,
    "Energy": 15,
    "ItemCategory": 2,
    "Value": 1,
    "Tool": null
  },
  "charcoal": {
    "Id": 23,
    "name_EN": "Charcoal",
    "name_RU": "Уголь",
    "Nutrition": 0,
    "Defense": 0,
    "Durability": 0,
    "Energy": 30,
    "ItemCategory": 2,
    "Value": 2,
    "Tool": null
  },
  "stone": {
    "Id": 20,
    "name_EN": "Stone",
    "name_RU": "Камень",
    "Nutrition": 0,
    "Defense": 0,
    "Durability": 0,
    "Energy": 0,
    "ItemCategory": 2,
    "Value": 1,
    "Tool": null
  },
  "clay": {
    "Id": 19,
    "name_EN": "Clay",
    "name_RU": "Глина",
    "Nutrition": 0,
    "Defense": 0,
    "Durability": 0,
    "Energy": 0,
    "ItemCategory": 2,
    "Value": 1,
    "Tool": null
  },
  "leather": {
    "Id": 71,
    "name_EN": "Leather",
    "name_RU": "Кожа",
    "Nutrition": 0,
    "Defense": 0,
    "Durability": 0,
    "Energy": 0,
    "ItemCategory": 2,
    "Value": 4,
    "Tool": null
  },
  "copper_ore": {
    "Id": 17,
    "name_EN": "Copper ore",
    "name_RU": "Медная руда",
    "Nutrition": 0,
    "Defense": 0,
    "Durability": 0,
    "Energy": 0,
    "ItemCategory": 2,
    "Value": 2,
    "Tool": null
  },
  "tin_ore": {
    "Id": 85,
    "name_EN": "Tin ore",
    "name_RU": "Оловянная руда",
    "Nutrition": 0,
    "Defense": 0,
    "Durability": 0,
    "Energy": 0,
    "ItemCategory": 2,
    "Value": 2,
    "Tool": null
  },
  "iron_ore": {
    "Id": 84,
    "name_EN": "Iron ore",
    "name_RU": "Железная руда",
    "Nutrition": 0,
    "Defense": 0,
    "Durability": 0,
    "Energy": 0,
    "ItemCategory": 2,
    "Value": 2,
    "Tool": null
  },
  "crushed_copper_ore": {
    "Id": 54,
    "name_EN": "Crushed copper ore",
    "name_RU": "Дробл. медная руда",
    "Nutrition": 0,
    "Defense": 0,
    "Durability": 0,
    "Energy": 0,
    "ItemCategory": 2,
    "Value": 2,
    "Tool": null
  },
  "crushed_tin_ore": {
    "Id": 55,
    "name_EN": "Crushed tin ore",
    "name_RU": "Дробл. оловянная руда",
    "Nutrition": 0,
    "Defense": 0,
    "Durability": 0,
    "Energy": 0,
    "ItemCategory": 2,
    "Value": 2,
    "Tool": null
  },
  "crushed_iron_ore": {
    "Id": 56,
    "name_EN": "Crushed iron ore",
    "name_RU": "Дробл. железная руда",
    "Nutrition": 0,
    "Defense": 0,
    "Durability": 0,
    "Energy": 0,
    "ItemCategory": 2,
    "Value": 2,
    "Tool": null
  },
  "fiber": {
    "Id": 11,
    "name_EN": "Fiber",
    "name_RU": "Волокно",
    "Nutrition": 0,
    "Defense": 0,
    "Durability": 0,
    "Energy": 0,
    "ItemCategory": 2,
    "Value": 2,
    "Tool": null
  },
  "cloth": {
    "Id": 12,
    "name_EN": "Cloth",
    "name_RU": "Ткань",
    "Nutrition": 0,
    "Defense": 0,
    "Durability": 0,
    "Energy": 0,
    "ItemCategory": 2,
    "Value": 4,
    "Tool": null
  },
  "yarn": {
    "Id": 13,
    "name_EN": "Yarn",
    "name_RU": "Пряжа",
    "Nutrition": 0,
    "Defense": 0,
    "Durability": 0,
    "Energy": 0,
    "ItemCategory": 2,
    "Value": 3,
    "Tool": null
  },
  "woven_clothing": {
    "Id": 14,
    "name_EN": "Woven clothing",
    "name_RU": "Тканая одежда",
    "Nutrition": 0,
    "Defense": 4,
    "Durability": 80,
    "Energy": 0,
    "ItemCategory": 8,
    "Value": 5,
    "Tool": null
  },
  "dry_skin": {
    "Id": 46,
    "name_EN": "Dry skin",
    "name_RU": "Сушеная шкура",
    "Nutrition": 0,
    "Defense": 0,
    "Durability": 0,
    "Energy": 0,
    "ItemCategory": 2,
    "Value": 3,
    "Tool": null
  },
  "raw_skin": {
    "Id": 42,
    "name_EN": "Raw skin",
    "name_RU": "Сырая шкура",
    "Nutrition": 0,
    "Defense": 0,
    "Durability": 0,
    "Energy": 0,
    "ItemCategory": 2,
    "Value": 3,
    "Tool": null
  },
  "limestone": {
    "Id": 96,
    "name_EN": "Limestone",
    "name_RU": "Известняк",
    "Nutrition": 0,
    "Defense": 0,
    "Durability": 0,
    "Energy": 0,
    "ItemCategory": 2,
    "Value": 1,
    "Tool": null
  },
   "lime": {
    "Id": 97,
    "name_EN": "Lime",
    "name_RU": "Известь",
    "Nutrition": 0,
    "Defense": 0,
    "Durability": 0,
    "Energy": 0,
    "ItemCategory": 2,
    "Value": 2,
    "Tool": null
  },
   "gunpowder": {
    "Id": 98,
    "name_EN": "Gunpowder",
    "name_RU": "Порох",
    "Nutrition": 0,
    "Defense": 0,
    "Durability": 0,
    "Energy": 0,
    "ItemCategory": 2,
    "Value": 8,
    "Tool": null
  },
   "sulfur": {
    "Id": 99,
    "name_EN": "Sulfur",
    "name_RU": "Сера",
    "Nutrition": 0,
    "Defense": 0,
    "Durability": 0,
    "Energy": 0,
    "ItemCategory": 2,
    "Value": 3,
    "Tool": null
  },
  "mudbrick": {
    "Id": 100,
    "name_EN": "Mudbrick",
    "name_RU": "Саман",
    "Nutrition": 0,
    "Defense": 0,
    "Durability": 0,
    "Energy": 0,
    "ItemCategory": 2,
    "Value": 2,
    "Tool": null
  },
  "settler_corpse": {
    "Id": 126,
    "name_EN": "Settler corpse",
    "name_RU": "Труп поселенца",
    "Nutrition": 0,
    "Defense": 0,
    "Durability": 0,
    "Energy": 0,
    "ItemCategory": 4,
    "Value": 0,
    "Tool": null
  },
  "wooden_component": {
    "Id": 31,
    "name_EN": "Wooden component",
    "name_RU": "Деревянный компонент",
    "Nutrition": 0,
    "Defense": 0,
    "Durability": 0,
    "Energy": 0,
    "ItemCategory": 2,
    "Value": 2,
    "Tool": null
  },
  "stone_sickle": {
    "Id": 139,
    "name_EN": "Stone sickle",
    "name_RU": "Каменный серп",
    "Nutrition": 0,
    "Defense": 0,
    "Durability": 30,
    "Energy": 0,
    "ItemCategory": 7,
    "Value": 3,
    "Tool": {
      "MeleeDamage": 4,
      "RangeDamage": 0,
      "Level": 1,
      "Efficiency": 100,
      "Chance": 0,
      "ToolType": 3,
      "CreatureType": 0,
      "RechargeTime": 1.25,
      "AmmoTextureId": -1,
      "ProjectileSpeed": 0,
      "Reversed": false
    }
  },
  "copper_sickle": {
    "Id": 140,
    "name_EN": "Copper sickle",
    "name_RU": "Медный серп",
    "Nutrition": 0,
    "Defense": 0,
    "Durability": 40,
    "Energy": 0,
    "ItemCategory": 7,
    "Value": 4,
    "Tool": {
      "MeleeDamage": 6,
      "RangeDamage": 0,
      "Level": 2,
      "Efficiency": 200,
      "Chance": 0,
      "ToolType": 3,
      "CreatureType": 0,
      "RechargeTime": 1.25,
      "AmmoTextureId": -1,
      "ProjectileSpeed": 0,
      "Reversed": false
    }
  },
  "bronze_sickle": {
    "Id": 141,
    "name_EN": "Bronze sickle",
    "name_RU": "Бронзовый серп",
    "Nutrition": 0,
    "Defense": 0,
    "Durability": 50,
    "Energy": 0,
    "ItemCategory": 7,
    "Value": 5,
    "Tool": {
      "MeleeDamage": 8,
      "RangeDamage": 0,
      "Level": 3,
      "Efficiency": 300,
      "Chance": 0,
      "ToolType": 3,
      "CreatureType": 0,
      "RechargeTime": 1.25,
      "AmmoTextureId": -1,
      "ProjectileSpeed": 0,
      "Reversed": false
    }
  },
  "iron_sickle": {
    "Id": 142,
    "name_EN": "Iron sickle",
    "name_RU": "Железный серп",
    "Nutrition": 0,
    "Defense": 0,
    "Durability": 60,
    "Energy": 0,
    "ItemCategory": 7,
    "Value": 6,
    "Tool": {
      "MeleeDamage": 10,
      "RangeDamage": 0,
      "Level": 4,
      "Efficiency": 400,
      "Chance": 0,
      "ToolType": 3,
      "CreatureType": 0,
      "RechargeTime": 1.25,
      "AmmoTextureId": -1,
      "ProjectileSpeed": 0,
      "Reversed": false
    }
  },
  "steel_sickle": {
    "Id": 143,
    "name_EN": "Steel sickle",
    "name_RU": "Стальной серп",
    "Nutrition": 0,
    "Defense": 0,
    "Durability": 70,
    "Energy": 0,
    "ItemCategory": 7,
    "Value": 7,
    "Tool": {
      "MeleeDamage": 12,
      "RangeDamage": 0,
      "Level": 5,
      "Efficiency": 500,
      "Chance": 0,
      "ToolType": 3,
      "CreatureType": 0,
      "RechargeTime": 1.25,
      "AmmoTextureId": -1,
      "ProjectileSpeed": 0,
      "Reversed": false
    }
  },
  "stone_axe": {
    "Id": 134,
    "name_EN": "Stone axe",
    "name_RU": "Каменные топор",
    "Nutrition": 0,
    "Defense": 0,
    "Durability": 30,
    "Energy": 0,
    "ItemCategory": 7,
    "Value": 3,
    "Tool": {
      "MeleeDamage": 4,
      "RangeDamage": 0,
      "Level": 1,
      "Efficiency": 100,
      "Chance": 0,
      "ToolType": 0,
      "CreatureType": 0,
      "RechargeTime": 1.25,
      "AmmoTextureId": -1,
      "ProjectileSpeed": 0,
      "Reversed": false
    }
  },
  "copper_axe": {
    "Id": 135,
    "name_EN": "Copper axe",
    "name_RU": "Медный топор",
    "Nutrition": 0,
    "Defense": 0,
    "Durability": 40,
    "Energy": 0,
    "ItemCategory": 7,
    "Value": 4,
    "Tool": {
      "MeleeDamage": 6,
      "RangeDamage": 0,
      "Level": 2,
      "Efficiency": 200,
      "Chance": 0,
      "ToolType": 0,
      "CreatureType": 0,
      "RechargeTime": 1.25,
      "AmmoTextureId": -1,
      "ProjectileSpeed": 0,
      "Reversed": false
    }
  },
  "bronze_axe": {
    "Id": 136,
    "name_EN": "Bronze axe",
    "name_RU": "Бронзовый топор",
    "Nutrition": 0,
    "Defense": 0,
    "Durability": 50,
    "Energy": 0,
    "ItemCategory": 7,
    "Value": 5,
    "Tool": {
      "MeleeDamage": 8,
      "RangeDamage": 0,
      "Level": 3,
      "Efficiency": 300,
      "Chance": 0,
      "ToolType": 0,
      "CreatureType": 0,
      "RechargeTime": 1.25,
      "AmmoTextureId": -1,
      "ProjectileSpeed": 0,
      "Reversed": false
    }
  },
  "iron_axe": {
    "Id": 137,
    "name_EN": "Iron axe",
    "name_RU": "Железный топор",
    "Nutrition": 0,
    "Defense": 0,
    "Durability": 60,
    "Energy": 0,
    "ItemCategory": 7,
    "Value": 6,
    "Tool": {
      "MeleeDamage": 10,
      "RangeDamage": 0,
      "Level": 4,
      "Efficiency": 400,
      "Chance": 0,
      "ToolType": 0,
      "CreatureType": 0,
      "RechargeTime": 1.25,
      "AmmoTextureId": -1,
      "ProjectileSpeed": 0,
      "Reversed": false
    }
  },
  "steel_axe": {
    "Id": 138,
    "name_EN": "Steel axe",
    "name_RU": "Стальной топор",
    "Nutrition": 0,
    "Defense": 0,
    "Durability": 70,
    "Energy": 0,
    "ItemCategory": 7,
    "Value": 7,
    "Tool": {
      "MeleeDamage": 12,
      "RangeDamage": 0,
      "Level": 5,
      "Efficiency": 500,
      "Chance": 0,
      "ToolType": 0,
      "CreatureType": 0,
      "RechargeTime": 1.25,
      "AmmoTextureId": -1,
      "ProjectileSpeed": 0,
      "Reversed": false
    }
  },
  "stone_hoe": {
    "Id": 129,
    "name_EN": "Stone hoe",
    "name_RU": "Каменная мотыга",
    "Nutrition": 0,
    "Defense": 0,
    "Durability": 30,
    "Energy": 0,
    "ItemCategory": 7,
    "Value": 3,
    "Tool": {
      "MeleeDamage": 4,
      "RangeDamage": 0,
      "Level": 1,
      "Efficiency": 100,
      "Chance": 0,
      "ToolType": 4,
      "CreatureType": 0,
      "RechargeTime": 1.5,
      "AmmoTextureId": -1,
      "ProjectileSpeed": 0,
      "Reversed": false
    }
  },
  "copper_hoe": {
    "Id": 130,
    "name_EN": "Copper hoe",
    "name_RU": "Медная мотыга",
    "Nutrition": 0,
    "Defense": 0,
    "Durability": 40,
    "Energy": 0,
    "ItemCategory": 7,
    "Value": 4,
    "Tool": {
      "MeleeDamage": 6,
      "RangeDamage": 0,
      "Level": 2,
      "Efficiency": 200,
      "Chance": 0,
      "ToolType": 4,
      "CreatureType": 0,
      "RechargeTime": 1.5,
      "AmmoTextureId": -1,
      "ProjectileSpeed": 0,
      "Reversed": false
    }
  },
  "bronze_hoe": {
    "Id": 131,
    "name_EN": "Bronze hoe",
    "name_RU": "Бронзовая мотыга",
    "Nutrition": 0,
    "Defense": 0,
    "Durability": 50,
    "Energy": 0,
    "ItemCategory": 7,
    "Value": 5,
    "Tool": {
      "MeleeDamage": 8,
      "RangeDamage": 0,
      "Level": 3,
      "Efficiency": 300,
      "Chance": 0,
      "ToolType": 4,
      "CreatureType": 0,
      "RechargeTime": 1.5,
      "AmmoTextureId": -1,
      "ProjectileSpeed": 0,
      "Reversed": false
    }
  },
  "iron_hoe": {
    "Id": 132,
    "name_EN": "Iron hoe",
    "name_RU": "Железная мотыга",
    "Nutrition": 0,
    "Defense": 0,
    "Durability": 60,
    "Energy": 0,
    "ItemCategory": 7,
    "Value": 6,
    "Tool": {
      "MeleeDamage": 10,
      "RangeDamage": 0,
      "Level": 4,
      "Efficiency": 400,
      "Chance": 0,
      "ToolType": 4,
      "CreatureType": 0,
      "RechargeTime": 1.5,
      "AmmoTextureId": -1,
      "ProjectileSpeed": 0,
      "Reversed": false
    }
  },
  "steel_hoe": {
    "Id": 133,
    "name_EN": "Steel hoe",
    "name_RU": "Стальная мотыга",
    "Nutrition": 0,
    "Defense": 0,
    "Durability": 70,
    "Energy": 0,
    "ItemCategory": 7,
    "Value": 7,
    "Tool": {
      "MeleeDamage": 12,
      "RangeDamage": 0,
      "Level": 5,
      "Efficiency": 500,
      "Chance": 0,
      "ToolType": 4,
      "CreatureType": 0,
      "RechargeTime": 1.5,
      "AmmoTextureId": -1,
      "ProjectileSpeed": 0,
      "Reversed": false
    }
  },
  "stone_pick": {
    "Id": 145,
    "name_EN": "Stone pick",
    "name_RU": "Каменная кирка",
    "Nutrition": 0,
    "Defense": 0,
    "Durability": 30,
    "Energy": 0,
    "ItemCategory": 7,
    "Value": 3,
    "Tool": {
      "MeleeDamage": 4,
      "RangeDamage": 0,
      "Level": 1,
      "Efficiency": 100,
      "Chance": 0,
      "ToolType": 1,
      "CreatureType": 0,
      "RechargeTime": 1.5,
      "AmmoTextureId": -1,
      "ProjectileSpeed": 0,
      "Reversed": false
    }
  },
  "copper_pick": {
    "Id": 146,
    "name_EN": "Copper pick",
    "name_RU": "Медная кирка",
    "Nutrition": 0,
    "Defense": 0,
    "Durability": 40,
    "Energy": 0,
    "ItemCategory": 7,
    "Value": 4,
    "Tool": {
      "MeleeDamage": 6,
      "RangeDamage": 0,
      "Level": 2,
      "Efficiency": 200,
      "Chance": 0,
      "ToolType": 1,
      "CreatureType": 0,
      "RechargeTime": 1.5,
      "AmmoTextureId": -1,
      "ProjectileSpeed": 0,
      "Reversed": false
    }
  },
  "bronze_pick": {
    "Id": 147,
    "name_EN": "Bronze pick",
    "name_RU": "Бронзовая кирка",
    "Nutrition": 0,
    "Defense": 0,
    "Durability": 50,
    "Energy": 0,
    "ItemCategory": 7,
    "Value": 5,
    "Tool": {
      "MeleeDamage": 8,
      "RangeDamage": 0,
      "Level": 3,
      "Efficiency": 300,
      "Chance": 0,
      "ToolType": 1,
      "CreatureType": 0,
      "RechargeTime": 1.5,
      "AmmoTextureId": -1,
      "ProjectileSpeed": 0,
      "Reversed": false
    }
  },
  "iron_pick": {
    "Id": 148,
    "name_EN": "Iron pick",
    "name_RU": "Железная кирка",
    "Nutrition": 0,
    "Defense": 0,
    "Durability": 60,
    "Energy": 0,
    "ItemCategory": 7,
    "Value": 6,
    "Tool": {
      "MeleeDamage": 10,
      "RangeDamage": 0,
      "Level": 4,
      "Efficiency": 400,
      "Chance": 0,
      "ToolType": 1,
      "CreatureType": 0,
      "RechargeTime": 1.5,
      "AmmoTextureId": -1,
      "ProjectileSpeed": 0,
      "Reversed": false
    }
  },
  "steel_pick": {
    "Id": 149,
    "name_EN": "Steel pick",
    "name_RU": "Стальная кирка",
    "Nutrition": 0,
    "Defense": 0,
    "Durability": 70,
    "Energy": 0,
    "ItemCategory": 7,
    "Value": 7,
    "Tool": {
      "MeleeDamage": 12,
      "RangeDamage": 0,
      "Level": 5,
      "Efficiency": 500,
      "Chance": 0,
      "ToolType": 1,
      "CreatureType": 0,
      "RechargeTime": 1.5,
      "AmmoTextureId": -1,
      "ProjectileSpeed": 0,
      "Reversed": false
    }
  },
  "wooden_spear": {
    "Id": 152,
    "name_EN": "Wooden spear",
    "name_RU": "Деревянное копье",
    "Nutrition": 0,
    "Defense": 0,
    "Durability": 20,
    "Energy": 0,
    "ItemCategory": 7,
    "Value": 2,
    "Tool": {
      "MeleeDamage": 4,
      "RangeDamage": 0,
      "Level": 1,
      "Efficiency": 0,
      "Chance": 0,
      "ToolType": 2,
      "CreatureType": 0,
      "RechargeTime": 1.0,
      "AmmoTextureId": -1,
      "ProjectileSpeed": 0,
      "Reversed": false
    }
  },
  "stone_spear": {
    "Id": 153,
    "name_EN": "Stone spear",
    "name_RU": "Каменное копье",
    "Nutrition": 0,
    "Defense": 0,
    "Durability": 30,
    "Energy": 0,
    "ItemCategory": 7,
    "Value": 3,
    "Tool": {
      "MeleeDamage": 6,
      "RangeDamage": 0,
      "Level": 2,
      "Efficiency": 0,
      "Chance": 0,
      "ToolType": 2,
      "CreatureType": 0,
      "RechargeTime": 1.0,
      "AmmoTextureId": -1,
      "ProjectileSpeed": 0,
      "Reversed": false
    }
  },
  "copper_spear": {
    "Id": 154,
    "name_EN": "Copper spear",
    "name_RU": "Медное копье",
    "Nutrition": 0,
    "Defense": 0,
    "Durability": 40,
    "Energy": 0,
    "ItemCategory": 7,
    "Value": 4,
    "Tool": {
      "MeleeDamage": 8,
      "RangeDamage": 0,
      "Level": 3,
      "Efficiency": 0,
      "Chance": 0,
      "ToolType": 2,
      "CreatureType": 0,
      "RechargeTime": 1.0,
      "AmmoTextureId": -1,
      "ProjectileSpeed": 0,
      "Reversed": false
    }
  },
  "bronze_spear": {
    "Id": 155,
    "name_EN": "Bronze spear",
    "name_RU": "Бронзовое копье",
    "Nutrition": 0,
    "Defense": 0,
    "Durability": 50,
    "Energy": 0,
    "ItemCategory": 7,
    "Value": 5,
    "Tool": {
      "MeleeDamage": 10,
      "RangeDamage": 0,
      "Level": 4,
      "Efficiency": 0,
      "Chance": 0,
      "ToolType": 2,
      "CreatureType": 0,
      "RechargeTime": 1.0,
      "AmmoTextureId": -1,
      "ProjectileSpeed": 0,
      "Reversed": false
    }
  },
  "iron_spear": {
    "Id": 156,
    "name_EN": "Iron spear",
    "name_RU": "Железное копье",
    "Nutrition": 0,
    "Defense": 0,
    "Durability": 60,
    "Energy": 0,
    "ItemCategory": 7,
    "Value": 6,
    "Tool": {
      "MeleeDamage": 12,
      "RangeDamage": 0,
      "Level": 5,
      "Efficiency": 0,
      "Chance": 0,
      "ToolType": 2,
      "CreatureType": 0,
      "RechargeTime": 1.0,
      "AmmoTextureId": -1,
      "ProjectileSpeed": 0,
      "Reversed": false
    }
  },
  "steel_spear": {
    "Id": 157,
    "name_EN": "Steel spear",
    "name_RU": "Стальное копье",
    "Nutrition": 0,
    "Defense": 0,
    "Durability": 70,
    "Energy": 7,
    "ItemCategory": 7,
    "Value": 1,
    "Tool": {
      "MeleeDamage": 14,
      "RangeDamage": 0,
      "Level": 6,
      "Efficiency": 0,
      "Chance": 0,
      "ToolType": 2,
      "CreatureType": 0,
      "RechargeTime": 1.0,
      "AmmoTextureId": -1,
      "ProjectileSpeed": 0,
      "Reversed": false
    }
  },
  "wooden_harpoon": {
    "Id": 158,
    "name_EN": "Wooden harpoon",
    "name_RU": "Деревянный гарпун",
    "Nutrition": 0,
    "Defense": 0,
    "Durability": 20,
    "Energy": 0,
    "ItemCategory": 7,
    "Value": 2,
    "Tool": {
      "MeleeDamage": 2,
      "RangeDamage": 0,
      "Level": 1,
      "Efficiency": 0,
      "Chance": 20,
      "ToolType": 5,
      "CreatureType": 0,
      "RechargeTime": 1.0,
      "AmmoTextureId": -1,
      "ProjectileSpeed": 0,
      "Reversed": false
    }
  },
  "stone_harpoon": {
    "Id": 159,
    "name_EN": "Stone harpoon",
    "name_RU": "Каменный гарпун",
    "Nutrition": 0,
    "Defense": 0,
    "Durability": 30,
    "Energy": 0,
    "ItemCategory": 7,
    "Value": 3,
    "Tool": {
      "MeleeDamage": 4,
      "RangeDamage": 0,
      "Level": 2,
      "Efficiency": 0,
      "Chance": 30,
      "ToolType": 5,
      "CreatureType": 0,
      "RechargeTime": 1.0,
      "AmmoTextureId": -1,
      "ProjectileSpeed": 0,
      "Reversed": false
    }
  },
  "copper_harpoon": {
    "Id": 160,
    "name_EN": "Copper harpoon",
    "name_RU": "Медный гарпун",
    "Nutrition": 0,
    "Defense": 0,
    "Durability": 30,
    "Energy": 0,
    "ItemCategory": 7,
    "Value": 4,
    "Tool": {
      "MeleeDamage": 6,
      "RangeDamage": 0,
      "Level": 3,
      "Efficiency": 0,
      "Chance": 40,
      "ToolType": 5,
      "CreatureType": 0,
      "RechargeTime": 1.0,
      "AmmoTextureId": -1,
      "ProjectileSpeed": 0,
      "Reversed": false
    }
  },
  "bronze_harpoon": {
    "Id": 161,
    "name_EN": "Bronze harpoon",
    "name_RU": "Бронзовый гарпун",
    "Nutrition": 0,
    "Defense": 0,
    "Durability": 40,
    "Energy": 0,
    "ItemCategory": 7,
    "Value": 5,
    "Tool": {
      "MeleeDamage": 8,
      "RangeDamage": 0,
      "Level": 4,
      "Efficiency": 0,
      "Chance": 50,
      "ToolType": 5,
      "CreatureType": 0,
      "RechargeTime": 1.0,
      "AmmoTextureId": -1,
      "ProjectileSpeed": 0,
      "Reversed": false
    }
  },
  "iron_harpoon": {
    "Id": 162,
    "name_EN": "Iron harpoon",
    "name_RU": "Железный гарпун",
    "Nutrition": 0,
    "Defense": 0,
    "Durability": 50,
    "Energy": 0,
    "ItemCategory": 7,
    "Value": 6,
    "Tool": {
      "MeleeDamage": 10,
      "RangeDamage": 0,
      "Level": 5,
      "Efficiency": 0,
      "Chance": 60,
      "ToolType": 5,
      "CreatureType": 0,
      "RechargeTime": 1.0,
      "AmmoTextureId": -1,
      "ProjectileSpeed": 0,
      "Reversed": false
    }
  },
  "steel_harpoon": {
    "Id": 163,
    "name_EN": "Steel harpoon",
    "name_RU": "Стальной гарпун",
    "Nutrition": 0,
    "Defense": 0,
    "Durability": 60,
    "Energy": 0,
    "ItemCategory": 7,
    "Value": 7,
    "Tool": {
      "MeleeDamage": 12,
      "RangeDamage": 0,
      "Level": 6,
      "Efficiency": 0,
      "Chance": 70,
      "ToolType": 5,
      "CreatureType": 0,
      "RechargeTime": 1.0,
      "AmmoTextureId": -1,
      "ProjectileSpeed": 0,
      "Reversed": false
    }
  },
  "sling": {
    "Id": 79,
    "name_EN": "Sling",
    "name_RU": "Праща",
    "Nutrition": 0,
    "Defense": 0,
    "Durability": 30,
    "Energy": 0,
    "ItemCategory": 7,
    "Value": 3,
    "Tool": {
      "MeleeDamage": 3,
      "RangeDamage": 4,
      "Level": 1,
      "Efficiency": 0,
      "Chance": 0,
      "ToolType": 2,
      "CreatureType": 0,
      "RechargeTime": 1.5,
      "AmmoTextureId": 255,
      "ProjectileSpeed": 1,
      "Reversed": false
    }
  },
  "bow": {
    "Id": 51,
    "name_EN": "Bow",
    "name_RU": "Лук",
    "Nutrition": 0,
    "Defense": 0,
    "Durability": 50,
    "Energy": 0,
    "ItemCategory": 7,
    "Value": 4,
    "Tool": {
      "MeleeDamage": 4,
      "RangeDamage": 6,
      "Level": 2,
      "Efficiency": 0,
      "Chance": 0,
      "ToolType": 2,
      "CreatureType": 0,
      "RechargeTime": 1.25,
      "AmmoTextureId": 254,
      "ProjectileSpeed": 1,
      "Reversed": false
    }
  },
  "crossbow": {
    "Id": 52,
    "name_EN": "Crossbow",
    "name_RU": "Арбалет",
    "Nutrition": 0,
    "Defense": 0,
    "Durability": 50,
    "Energy": 0,
    "ItemCategory": 7,
    "Value": 6,
    "Tool": {
      "MeleeDamage": 6,
      "RangeDamage": 10,
      "Level": 3,
      "Efficiency": 0,
      "Chance": 0,
      "ToolType": 2,
      "CreatureType": 0,
      "RechargeTime": 1.5,
      "AmmoTextureId": 254,
      "ProjectileSpeed": 1,
      "Reversed": false
    }
  },
  "handgonne": {
    "Id": 53,
    "name_EN": "Handgonne",
    "name_RU": "Ручница",
    "Nutrition": 0,
    "Defense": 0,
    "Durability": 60,
    "Energy": 0,
    "ItemCategory": 7,
    "Value": 10,
    "Tool": {
      "MeleeDamage": 8,
      "RangeDamage": 15,
      "Level": 4,
      "Efficiency": 0,
      "Chance": 0,
      "ToolType": 2,
      "CreatureType": 0,
      "RechargeTime": 2,
      "AmmoTextureId": 253,
      "ProjectileSpeed": 2,
      "Reversed": false
    }
  },
  "barley_seeds": {
    "Id": 81,
    "name_EN": "Barley seeds",
    "name_RU": "Семена ячменя",
    "Nutrition": 0,
    "Defense": 0,
    "Durability": 0,
    "Energy": 2,
    "ItemCategory": 5,
    "Value": 3,
    "Tool": null
  },
  "flax_seeds": {
    "Id": 82,
    "name_EN": "Flax seeds",
    "name_RU": "Семена льна",
    "Nutrition": 0,
    "Defense": 0,
    "Durability": 0,
    "Energy": 0,
    "ItemCategory": 5,
    "Value": 0,
    "Tool": null
  },
  "grape_sapling": {
    "Id": 48,
    "name_EN": "Grape sapling",
    "name_RU": "Саженец винограда",
    "Nutrition": 0,
    "Defense": 0,
    "Durability": 0,
    "Energy": 0,
    "ItemCategory": 5,
    "Value": 0,
    "Tool": null
  },
  "oak_sapling": {
    "Id": 49,
    "name_EN": "Oak sapling",
    "name_RU": "Саженец дуба",
    "Nutrition": 0,
    "Defense": 0,
    "Durability": 0,
    "Energy": 0,
    "ItemCategory": 5,
    "Value": 0,
    "Tool": null
  },
  "skins_outfit": {
    "Id": 25,
    "name_EN": "Skins outfit",
    "name_RU": "Одежда из шкур",
    "Nutrition": 0,
    "Defense": 2,
    "Durability": 40,
    "Energy": 4,
    "ItemCategory": 8,
    "Value": 2,
    "Tool": null
  },
  "chainmail": {
    "Id": 30,
    "name_EN": "Chainmail",
    "name_RU": "Кольчуга",
    "Nutrition": 0,
    "Defense": 8,
    "Durability": 100,
    "Energy": 0,
    "ItemCategory": 8,
    "Value": 9,
    "Tool": null
  },
  "leather_outfit": {
    "Id": 24,
    "name_EN": "Leather outfit",
    "name_RU": "Одежда из кожи",
    "Nutrition": 0,
    "Defense": 4,
    "Durability": 60,
    "Energy": 0,
    "ItemCategory": 8,
    "Value": 5,
    "Tool": null
  },
  "future_outfit": {
    "Id": 22,
    "name_EN": "Future outfit",
    "name_RU": "Одежда будущего",
    "Nutrition": 0,
    "Defense": 10,
    "Durability": 1000,
    "Energy": 0,
    "ItemCategory": 8,
    "Value": 0,
    "Tool": null
  },
  "ceramic_pot": {
    "Id": 1,
    "name_EN": "Ceramic pot",
    "name_RU": "Керамический горшок",
    "Nutrition": 0,
    "Defense": 0,
    "Durability": 0,
    "Energy": 0,
    "ItemCategory": 9,
    "Value": 2,
    "Tool": null
  },
  "pot_of_beer": {
    "Id": 5,
    "name_EN": "Pot of beer",
    "name_RU": "Кувшин с пивом",
    "Nutrition": 0,
    "Defense": 0,
    "Durability": 0,
    "Energy": 0,
    "ItemCategory": 6,
    "Value": 4,
    "Tool": null
  },
  "pot_of_wine": {
    "Id": 6,
    "name_EN": "Pot of wine",
    "name_RU": "Кувшин с вином",
    "Nutrition": 0,
    "Defense": 0,
    "Durability": 0,
    "Energy": 0,
    "ItemCategory": 6,
    "Value": 4,
    "Tool": null
  },
  "pot_of_water": {
    "Id": 7,
    "name_EN": "Pot of water",
    "name_RU": "Кувшин с водой",
    "Nutrition": 0,
    "Defense": 0,
    "Durability": 0,
    "Energy": 0,
    "ItemCategory": 0,
    "Value": 2,
    "Tool": null
  },
  "pot_of_milk": {
    "Id": 8,
    "name_EN": "Pot of milk",
    "name_RU": "Кувшин с молоком",
    "Nutrition": 0,
    "Defense": 0,
    "Durability": 0,
    "Energy": 0,
    "ItemCategory": 0,
    "Value": 3,
    "Tool": null
  },
  "flour": {
    "Id": 40,
    "name_EN": "Flour",
    "name_RU": "Мука",
    "Nutrition": 0,
    "Defense": 0,
    "Durability": 0,
    "Energy": 0,
    "ItemCategory": 0,
    "Value": 3,
    "Tool": null
  },
  "grape": {
    "Id": 69,
    "name_EN": "Grape",
    "name_RU": "Виноград",
    "Nutrition": 15,
    "Happiness": 2,
    "Defense": 0,
    "Durability": 0,
    "Energy": 0,
    "ItemCategory": 6,
    "Value": 2,
    "Tool": null
  },
  "raw_meat": {
    "Id": 43,
    "name_EN": "Raw meat",
    "name_RU": "Сырое мясо",
    "Nutrition": 20,
    "Happiness": -5,
    "Defense": 0,
    "Durability": 0,
    "Energy": 0,
    "ItemCategory": 6,
    "Value": 2,
    "Tool": null
  },
  "raw_fish": {
    "Id": 28,
    "name_EN": "Raw fish",
    "name_RU": "Сырая рыба",
    "Nutrition": 20,
    "Happiness": -5,
    "Defense": 0,
    "Durability": 0,
    "Energy": 0,
    "ItemCategory": 6,
    "Value": 2,
    "Tool": null
  },
  "peas": {
    "Id": 29,
    "name_EN": "Peas",
    "name_RU": "Горох",
    "Nutrition": 15,
    "Happiness": 4,
    "Defense": 0,
    "Durability": 0,
    "Energy": 0,
    "ItemCategory": 6,
    "Value": 2,
    "Tool": null
  },
  "cooked_meat": {
    "Id": 26,
    "name_EN": "Cooked meat",
    "name_RU": "Жаренное мясо",
    "Nutrition": 20,
    "Happiness": 4,
    "Defense": 0,
    "Durability": 0,
    "Energy": 0,
    "ItemCategory": 6,
    "Value": 2,
    "Tool": null
  },
  "cooked_fish": {
    "Id": 27,
    "name_EN": "Cooked fish",
    "name_RU": "Жаренная рыба",
    "Nutrition": 20,
    "Happiness": 4,
    "Defense": 0,
    "Durability": 0,
    "Energy": 0,
    "ItemCategory": 6,
    "Value": 2,
    "Tool": null
  },
  "flatbread": {
    "Id": 21,
    "name_EN": "Flatbread",
    "name_RU": "Лепешка",
    "Nutrition": 30,
    "Happiness": 8,
    "Defense": 0,
    "Durability": 0,
    "Energy": 0,
    "ItemCategory": 6,
    "Value": 3,
    "Tool": null
  },
  "cheese": {
    "Id": 34,
    "name_EN": "Cheese",
    "name_RU": "Сыр",
    "Nutrition": 30,
    "Happiness": 8,
    "Defense": 0,
    "Durability": 0,
    "Energy": 0,
    "ItemCategory": 6,
    "Value": 3,
    "Tool": null
  },
  "hay": {
    "Id": 10,
    "name_EN": "Hay",
    "name_RU": "Сено",
    "Nutrition": 20,
    "Defense": 0,
    "Durability": 0,
    "Energy": 0,
    "ItemCategory": 13,
    "Value": 1,
    "Tool": null
  }
}