{
	"name_EN": "Aurochs",
	"name_RU": "Тур",
	"texture": "aurochs_female",
	"movementSpeed": 3.7,
	"domesticable": true,
	"health": 50,
	"hunger": 100,
	"energy": 100,
	"damage": 6,
	"defense": 0,
	"maxAge": 72,
	"adultAge": 6,
	"product":
	{
		"interval": 1,
		"item": 8,
		"humanRequired": true,
		"requiredItem": 1
	},
	"drop":
	[
		{
			"item": 43,
			"count": 8
		},
		{
			"item": 42,
			"count": 4
		}
	],
	"ration": [10],
	"allowedLabors": ["Farm", "Supply", "Haul"],
	"attackChance": "75"
}