{
	"name_EN": "Tarpan",
	"name_RU": "Тарпан",
	"texture": "tarpan_male",
	"movementSpeed": 4,
	"domesticable": true,
	"health": 50,
	"hunger": 100,
	"energy": 100,
	"damage": 8,
	"defense": 0,
	"maxAge": 100,
	"adultAge": 6,
	"product":
	{
		"interval": 1,
		"item": 2,
		"humanRequired": false,
		"requiredItem": -1
	},
	"ration": [10],
	"drop":
	[
		{
			"item": 43,
			"count": 6
		},
		{
			"item": 42,
			"count": 4
		}
	],
	"allowedLabors": ["Farm", "Supply", "Haul"],
	"attackChance": "25"
}