{
	"EN":
	{
		"new_game": "New game",
		"resume": "Resume",
		"language": "Language",
		"load_game": "Load game",
		"exit_to_desktop": "Exit to desktop",
		"exit_to_main_menu": "Exit to main menu",
		"save": "Save",
		"gather": "Gather",
		"mine": "Mine",
		"gather_liquids": "Gather liquids",
		"chop": "Chop",
		"cut": "Cut",
		"chop_completely": "Chop completely",
		"cut_completely": "Cut completely",
		"hunt": "Hunt",
		"cancel": "Cancel",
		"destruct": "Destruct",
		"stone_tools": "Stone tools",
		"charcoal_kiln": "Charcoal kiln",
		"copper_smelting": "Copper smelting",
		"bronze_smelting": "Bronze smelting",
		"iron_smelting": "Iron smelting",
		"steelmaking": "Steelmaking",
		"arithmometer": "Arithmometer",
		"time_machine": "Time machine",
		"sling": "Sling",
		"bow": "Bow",
		"grain_processing": "Grain processing",
		"millstone": "Millstone",
		"pottery": "Pottery",
		"potters_wheel": "Potter's wheel",
		"brewing": "Brewing",
		"alcoholic_drinks": "Alcoholic drinks",
		"well": "Well",
		"tanning": "Tanning",
		"animals_domestication": "Animals domestication",
		"cheesemaking": "Cheesemaking",
		"oven": "Oven",
		"agriculture": "Agriculture",
		"manure": "Manure",
		"fertilizing": "Fertilizing",
		"clay_hut": "Clay hut",
		"mudbrick_hut": "Mudbrick hut",
		"weaving": "Weaving",
		"wood_lathe": "Wood lathe",
		"windmill": "Windmill",
		"destillation": "Destillation",
		"glassmaking": "Glassmaking",
		"papermaking": "Papermaking",
		"barley": "Barley",
		"flax": "Flax",
		"grape_bush": "Grape bush",
		"oak": "Oak",
		"pea": "Pea",
		"satiety": "Satiety",
		"energy": "Energy",
		"health": "Health",
		"age": "Age",
		"day": "Day",
		"settlers": "Settlers",
		"animals": "Animals",
		"wall": "Wall",
		"floor": "Floor",
		"hut": "Hut",
		"production": "Production",
		"storage": "Storage",
		"religion": "Religion",
		"level": "Level",
		"wooden_plow": "Wooden plow",
		"wooden_cart": "Wooden cart",
		"defense": "Defense",
		"chainmail": "Chainmail",
		"crossbow": "Crossbow",
		"dolmen": "Dolmen",
		"mudbrick": "Mudbrick",
		"bridge": "Bridge",
		"paleolithic": "Paleolithic",
		"mesolithic": "Mesolithic",
		"neolithic": "Neolithic",
		"chalcolithic": "Chalcolithic",
		"bronze_age": "Bronze Age",
		"iron_age": "Iron Age",
		"fuel": "Fuel",
		"burial": "Burial",
		"consumption": "Consumption",
		"irrigation": "Irrigation",
		"fish_trap": "Fish trap",
		"sowing": "Sowing",
		"irrigate": "Irrigate",
		"fertilize": "Fertilize",
		"technologies": "Technologies",
		"seeds": "Seeds",
		"rest": "Rest",
		"work": "Work",
		"sleep": "Sleep",
		"happiness": "Happiness",
		"nutrition": "Nutrtion",
		"time": "Time",
		"ingredients": "Ingredients",
		"hours": "Hours",
		"felling": "Felling",
		"gathering": "Gathering",
		"mining": "Mining",
		"hauling": "Hauling",
		"building": "Building",
		"farming": "Farming",
		"fishing": "Fishing",
		"supplying": "Supplying",
		"ranching": "Ranching",
		"hunting": "Hunting",
		"capacity": "Capacity",
		"per hour": "per hour",
		"dig": "Dig",
		"digging": "Digging",
		"irrigation_canals": "Irrigation canals",
		"resource": "Resource",
		"required_technology": "Required technology",
		"ration": "Ration",
		"growth_time": "Growth time",
		"days": "days",
		"food": "Food",
		"Culinary_ingredients": "Culinary ingredients",
        "Fertilizers":"Fertilizers",
        "Resources":"Resources",
        "AnimalCorpse":"Animal corpse",
        "SettlerCorpse":"Settler corpse",
        "Seeds":"Seeds",
        "Food":"Food",
        "Tools":"Tools",
        "Clothes":"Clothes",
        "Containers":"Containers",
        "Figurines":"Figurines",
        "Jewelry":"Jewelry",
        "Liquids":"Liquids",
        "Hay":"Hay",
        "None": "None",
        "middle_ages": "Middle Ages",
        "spinning": "Spinning",
        "new_settlers_arrived": "New settlers arrived",
        "new_technologies_available": "New technologies available",
        "required": "Required",
        "deposit": "Deposit",
        "recipe": "Recipe",
        "progress": "Progress",
        "crafting": "Crafting",
        "Pick": "Pick",
        "firearms": "Firearms",
        "copy_settings": "Copy settings",
        "value": "Value",
        "trade": "Trade",
        "the_merchant_arrived": "The merchant arrived",
        "metallurgy": "Metallurgy",
        "open": "Open",
        "close": "Close",
        "mechanisms": "Mechanisms",
        "mechanical_millstone": "Mechanical millstone",
        "experience_points": "Experience points",
        "world_settings": "World settings",
        "create": "Create",
        "back": "Back",
        "world_with_that_name_already_exists": "World with that name already exists",
        "world_name": "World name",
        "world_size": "World size",
        "popularity": "Popularity",
        "cooking": "Cooking"
	},
	"RU":
	{
		"new_game": "Новая игра",
		"resume": "Продолжить",
		"language": "Язык",
		"load_game": "Загрузить игру",
		"exit_to_desktop": "Выйти на рабочий стол",
		"exit_to_main_menu": "Выйти в главное меню",
		"save": "Сохранить",
		"gather": "Собирать",
		"mine": "Добывать",
		"gather_liquids": "Собирать жидкости",
		"chop": "Срубить",
		"cut": "Срезать",
		"chop_completely": "Срубить полностью",
		"cut_completely": "Срезать полностью",
		"hunt": "Охотиться",
		"cancel": "Отменить",
		"destruct": "Разрушить",
		"stone_tools": "Каменные инструменты",
		"charcoal_kiln": "Углевыжигательная печь",
		"copper_smelting": "Выплавка меди",
		"bronze_smelting": "Выплавка бронзы",
		"iron_smelting": "Выплавка железа",
		"steelmaking": "Производство стали",
		"arithmometer": "Арифмометр",
		"time_machine": "Машина времени",
		"sling": "Праща",
		"bow": "Лук",
		"grain_processing": "Обработка зерна",
		"millstone": "Жернов",
		"pottery": "Гончарное дело",
		"potters_wheel": "Гончарный круг",
		"brewing": "Пивоварение",
		"alcoholic_drinks": "Алкогольные напитки",
		"well": "Колодец",
		"tanning": "Дубление",
		"animals_domestication": "Одомашнивание животных",
		"cheesemaking": "Сыроделие",
		"oven": "Печь",
		"manure": "Навоз",
		"fertilizing": "Удобрение",
		"clay_hut": "Глиняная хижина",
		"mudbrick_hut": "Саманная хижина",
		"weaving": "Ткачество",
		"wood_lathe": "Токарный станок по дереву",
		"windmill": "Ветряк",
		"destillation": "Дистилляция",
		"glassmaking": "Стеклоделие",
		"papermaking": "Производство бумаги",
		"barley": "Ячмень",
		"flax": "Лён",
		"grape_bush": "Виноградный куст",
		"oak": "Дуб",
		"pea": "Горох",
		"satiety": "Сытость",
		"energy": "Энергия",
		"health": "Здоровье",
		"age": "Возраст",
		"day": "День",
		"settlers": "Поселенцы",
		"animals": "Животные",
		"wall": "Стена",
		"floor": "Пол",
		"hut": "Хижина",
		"production": "Производство",
		"storage": "Хранилище",
		"agriculture": "Земледелие",
		"religion": "Религия",
		"level": "Уровень",
		"wooden_plow": "Деревянная соха",
		"wooden_cart": "Деревянная тележка",
		"defense": "Защита",
		"chainmail": "Кольчуга",
		"crossbow": "Арбалет",
		"dolmen": "Дольмен",
		"mudbrick": "Саман",
		"bridge": "Мост",
		"paleolithic": "Палеолит",
		"mesolithic": "Мезолит",
		"neolithic": "Неолит",
		"chalcolithic": "Халколит",
		"bronze_age": "Бронзовый век",
		"iron_age": "Железный век",
		"fuel": "Топливо",
		"burial": "Захоронение",
		"consumption": "Потребление",
		"irrigation": "Орошение",
		"fish_trap": "Ловушка для рыб",
		"sowing": "Посев",
		"irrigate": "Орошать",
		"fertilize": "Удобрять",
		"technologies": "Технологии",
		"seeds": "Семена",
		"rest": "Отдых",
		"work": "Работа",
		"sleep": "Сон",
		"happiness": "Счастье",
		"nutrition": "Питательность",
		"time": "Время",
		"ingredients": "Ингредиенты",
		"hours": "Часов",
		"felling": "Рубка",
		"gathering": "Сбор",
		"mining": "Добыча",
		"hauling": "Переноска",
		"building": "Строительство",
		"crafting": "Производство",
		"farming": "Земледелие",
		"fishing": "Рыболовля",
		"supplying": "Доставка",
		"ranching": "Животноводство",
		"hunting": "Охота",
		"capacity": "Вместимость",
		"per hour": "в час",
		"dig": "Копать",
		"digging": "Рытье",
		"irrigation_canals": "Оросительные каналы",
		"resource": "Ресурс",
		"required_technology": "Требуемая технология",
		"ration": "Рацион",
		"growth_time": "Время роста",
		"days": "дней",
		"food": "Еда",
		"Culinary_ingredients": "Кулинарные ингредиенты",
     "Fertilizers":"Удобрения",
     "Resources":"Ресурсы",
        "AnimalCorpse":"Труп животного",
        "SettlerCorpse":"Труп поселенца",
        "Seeds":"Семена",
        "Food":"Еда",
        "Tools":"Инструменты",
        "Clothes":"Одежда",
        "Containers":"Контейнеры",
        "Figurines":"Статуэтки",
        "Jewelry":"Украшения",
        "Liquids":"Жидкости",
        "Hay":"Сено",
        "None": "None",
        "middle_ages": "Средневековье",
        "spinning": "Прядение",
        "new_settlers_arrived": "Прибыли новые поселенцы",
        "new_technologies_available": "Доступны новые технологии",
        "required": "Требуется",
        "deposit": "Залежь",
        "recipe": "Рецепт",
        "progress": "Прогресс",
        "Pick": "Кирка",
        "firearms": "Огнестрельное оружие",
        "copy_settings": "Копировать настройки",
        "value": "Цена",
        "trade": "Торговать",
        "the_merchant_arrived": "Прибыл торговец",
        "metallurgy": "Металлургия",
        "open": "Открыть",
        "close": "Закрыть",
        "mechanisms": "Механизмы",
        "mechanical_millstone": "Механический жёрнов",
        "experience_points": "Очки опыта",
        "world_settings": "Настройки мира",
        "create": "Создать",
        "back": "Назад",
        "world_with_that_name_already_exists": "Мир с таким именем уже существует",
        "world_name": "Наименование мира",
        "world_size": "Размер мира",
        "popularity": "Популярность",
        "cooking": "Готовка"
	}
}